-- phpMyAdmin SQL Dump
-- version 3.4.10.1deb1
-- http://www.phpmyadmin.net
--
-- Host: localhost
-- Generation Time: Apr 09, 2015 at 03:54 PM
-- Server version: 5.5.41
-- PHP Version: 5.3.10-1ubuntu3.17

SET SQL_MODE="NO_AUTO_VALUE_ON_ZERO";
SET time_zone = "+00:00";


/*!40101 SET @OLD_CHARACTER_SET_CLIENT=@@CHARACTER_SET_CLIENT */;
/*!40101 SET @OLD_CHARACTER_SET_RESULTS=@@CHARACTER_SET_RESULTS */;
/*!40101 SET @OLD_COLLATION_CONNECTION=@@COLLATION_CONNECTION */;
/*!40101 SET NAMES utf8 */;

--
-- Database: `CouchSurfingTestN`
--

-- --------------------------------------------------------

--
-- Table structure for table `Image`
--

CREATE TABLE IF NOT EXISTS `Image` (
  `idImage` int(11) NOT NULL AUTO_INCREMENT,
  `Nom` varchar(100) NOT NULL,
  `Image` blob NOT NULL,
  PRIMARY KEY (`idImage`)
) ENGINE=InnoDB  DEFAULT CHARSET=latin1 AUTO_INCREMENT=6 ;

--
-- Dumping data for table `Image`
--

INSERT INTO `Image` (`idImage`, `Nom`, `Image`) VALUES
(0, 'pingouinTest', 0x89504e470d0a1a0a0000000d49484452000001000000010008060000005c72a866000000097048597300000b1300000b1301009a9c180000000467414d410000b18e7cfb5193000000206348524d00007a25000080830000f9ff000080e9000075300000ea6000003a980000176f925fc5460000bf004944415478daecfd779c64d775df8b7ef739a7625757e738a127474c400e441c2466804912c5289184255ba6eeb3ecfb24dfeb77adcfbdefdd677f6c3fdbf235df932d5a96254a1449315304409008442272180c8099c1e4ceb9bb729dbddf1fe7ec7df6a9ee1ecc0c7a10667ae353e89eea0aa74e9db5f65abff55bbf259452acac95b5b22ecee5ac9c8295b5b2561cc0ca5a592b6bc501acac95b5b2561cc0ca5a592b6bc501acac95b5b22eece5ad9c820b6f092104900452e1cf44f8d303dcd0f18bf00620c39b0fd4819a752b0315b5522e5a71002beb5d6ff45e784b03ed402bd01cde7240267406fa718e65f8b6c1cf01f3e16d1a98104214c3c7f94a29b972c6571cc0ca7a670d3e0d6443e35e050c007d4017d00bac06f2e1ce9fb122013b0aa02102d04ea00a54c29fb3c02960081803868410c78193e1df8a407925425871002bebfceff02de1cebe1ad8066c06d603eb80ced0d0d3d64ebf5c4b4706a5f0e70470047803780d785d087132bc7f6e2542780f5d572b8efb5d6df04e18c6f78706bf1bd81e1afeea30024808215c2104fa964ea7c9e572e4f379b2d92cb95c8e542a453a9d269148904c26715d97e02dc0f77d2a950ab55a8d4aa542a954a2582c522c16999f9f676666864aa5829412a594bef961845008238483c001e0f9d0299c0a5309b9121dac38809575e686ef8686bd0ad8095c0bec05b68621be0be0380e9ee7914aa5e8e8e8a0bfbf9f9e9e1e7a7b7b59bd7a35bdbdbdb4b5b5d1dada4a737333b95c8ea6a62652a914994c06cf0b823fa514f57a9d4aa542b95c36463f3b3bcbecec2cd3d3d30c0d0d71f2e449868686181b1b63707090b1b131cae532f57a1d29cd865f07464247f01cf024f04ae80c0aa1d358592b0e60652d62f85e98b3ef088dfeea70c71f08f3775cd7259d4e93cfe759b3660d1b376e64c3860d6cd9b285b56bd7d2d9d9497777376d6d6d789e6776f8b71cffd76a4c4f4f333a3acac4c404274e9ce0f5d75fe7e0c1831c3a748893274f9a28c1f78d8d578113c0cba123782c7406d3407d252a5871002b2b30fc140168b707b809b811d8123a038410e47239dadbdb19181860f7eeddecdcb993eddbb7b366cd1adadbdbc9e7f3384e84e929a5ccaeacbf5f1dba9fc1f1a0230cfd6f7db35f7f666686f1f1714e9c38c1abafbecacb2fbfcc4b2fbdc4d1a347999c9ca4582cdaef570cd382478087811780934aa9f2ca15b0e2002e66c35f055c06dc015c0f6c20a8dde3791e6d6d6dac5dbb96cb2ebb8c4b2fbd941d3b76b07efd7adadbdbc966b308219052c67273dbe897f978cd4fc771cc4fa5148542818989098e1e3dcafefdfb79f6d96779fef9e7397efc38d3d3d3d4eb75134c00c780478107c2c8e0f88a23587100175b8edf1b86f8ef0f0d7f13216aefba2edddddd6cdbb68dabaeba8aabaeba8addbb77d3d5d5453a9dc6755db3c337eef2cb15f29f6e35be97ed107cdfa75c2e333a3acacb2fbfcc534f3dc5d34f3fcd810307181919b11d81048e02bf047e12a607434aa9faca15b2e2002e64e36f05ae003e02dc1a86fa091d7277767672c9259770d34d3771edb5d7b275eb56dadbdb492412c6e8dfcddf97ed0caad52ad3d3d31c3c7890c71f7f9c871f7e98175e7881b1b1311b34f481d7819f858ee029a5d4c4ca95b2e2002e34c34f12807b77027711a0fa19fdf77c3ecfae5dbbb8f1c61bb9f1c61bd9be7d3bededed789e170bf1df439fd73802a514d3d3d31c387080471e7984871f7e98175f7c91c9c949fb29a51017f809f04360bf52aab672e5ac38800bc1f8fb08c0bddf006e2020f200904c26d9b87123fbf6ede3f6db6f67f7eedd7476769adcfe4c81bb77f3725dd76005131313ecdfbf9f071e7880071f7c9003070e502a95ec874f1180847f053ca4941a5db982561cc07b39d7bf0cf874b8f36f25ace103f4f5f571dd75d771e79d7772edb5d7d2d7d787e779ef8950ff5c96e338b8ae8beffb0c0f0ff3f4d34ff3f77ffff73cfcf0c30c0e0eda9fd7272817fe3df04de0b99592e18a03782fe6fa37019f2340f89bf5df1289043b76ece0ce3befe4f6db6f67ebd6ade472399452760dfd423d2f263528954a1c3c78907befbd977befbd97fdfbf753a9541aa381fb80ff01fc522935b37265ad3880f7c245be3a0cf77f9d80c893b473fd6bafbd968f7dec635c7bedb5747575995dff62fa1e34af404ac9c8c8084f3ef924dffdee7779e28927989a9ab21f5a26a0167f07f81ba5d4c9952b6cc501bc9b2fec6dc09743e35f45d46f4f7f7f3fb7dd761b77dd75177bf6ec2197cb5d90a1fed9a60500854281175e78819ffce427fce4273f616868c87e9824a0127f0bf8af4aa9032b57da8a0378b719be075c131aff47b0803ec771d8b8712377df7d37ef7ffffbd9b87123c96412dff75939f7515a50ad56397af4283ffad18ff8ee77bfcb1b6fbcd1f8d029e0c7c07f019e504a5557aebc1507f06eb8803304849e2f13d07873fa6faeebb27bf76e3ef9c94f72db6db7d1d3d383e338177cae7faed180528ae1e161eebfff7ebef5ad6ff1e28b2f363eac40401efa33e05ea5d4ecca997b6b6b450fe0ad197f96a0aeff3bc05504bdf86667bbe4924bf8cc673ec32db7dc425b5b1b524ab3f3bf1dacbdf7cad2950f21043d3d3ddc71c71d241209eaf53aafbcf28afdd026e01642852321c477569cc08a0378a78cbf9900ecfb1d601796008710825dbb76f199cf7c867dfbf691cfe70d0d76c5f8977602fabcb4b7b773cb2db720a5e4affffaaf79e9a597ec87260968d4ad409310e26f9452e32b6770c501bc9dc6df02fc1af08f087af63d3b94ddba752b9ffce427b9f1c61b696a6aa256abade4fb67890b34373773d34d3751ad56a9d56abcfaeaabf6435c0281947f04784288bf5c71022b0ee0edba38f3c06f8617df761aa4d5070606b8fbeebbb9e5965bc8e7f32bc6ff16564b4b8b71027ffdd77fcd91234762b00101b9eaabc1d722fe62a58f60c501bc9d3bff0eac321f60f2d77dfbf6d1dadaba62fccb100974747470cb2db7303939c9dffddddf313a1a63070b024dc47f08d48410df544a8dad9cb91507703e2ec6268212df3f58ccf89b9a9ab8e69a6bb8f9e69be9e8e86894ca5a59e7b81cc7a1a3a3839b6fbe99919111eebbef3e0a8542e3c3361154614a4288ef2aa52657cedc8a03584ee34f00fb807b804b1b8ddff33c76efdecdfbdfff7ed6ad5b47bd5e5f01fb9669d5eb755cd765fdfaf5dc79e79d8c8d8df1c4134fd8da027aed09bf9f6921c44f9452a595b3b7e20096c3f89dd0e87f8b80ecb3609cdaead5abb9e5965bd8bc79b3b96857d6f22d29258ee3b079f3666ebef966868787397cf8f062e9d595c06f03c3428827564448571cc05b357e4120c1fddbc0ed2ca2b59fcd66b9faeaabd9bb772fa9546ac5f8cfe34aa552ecd9b387c3870f333636c6cccc82fe2011466a23c09810e2e04a27e18a03782bab97a0a3efd7b0187e968360f3e6cd5c7df5d5747676ae30fccebf43a6b3b393abafbe9ac3870ff3f4d34f2f86b3a4814f01c3c0bf07563405561cc0395d6c4dc06dc02781b6c51e93cfe7b9fcf2cb59b76e1dc05be2f7370a7ada1d82b6fe9efe7931e20b42085cd765ddba755c76d9651c397284b1b14541ff5cf8bd1d10427c7b050f587100e792f75f11eefe5b97ba18376fdeccae5dbbc86432e754f2d346ae2b06f57addfc6e4b7b03a68fdef33c1cc721914818b59d8bc921f8be4f369be5924b2e31d2624b445e1b812f00c785108fac8c2b5b710067b30680cf1248782dba9a9b9bb9e4924be8eded452945ad563b6323f47d9f7abd4eb55aa552a950281428140a94cb65336da7319ad09380f4682f7bd24f3a9d26994c2eeb309077b303705d97dede5e76ecd8c1c18307978a021ce0bad0891f2590235f592b0ee04d77ff7418fa7f08abb9a771ad5ab58a4d9b3691c964ce18f8f37d9f5aad46a150606e6e8ee9e969a6a7a7999d9d350ec0f7fdd8ce6f97137508ec799e991094cfe7696d6da5b5b5955c2e67e6ff5da88e404746e9749acd9b37b366cd1a26262696e25c640814999e1442fcf98ad0e88a033893d07f2f81a047df528f4ba7d36cd9b285eeee6e2028fb9dcee0a494542a15e6e7e7999c9c646c6c8c89890966666628168ba6cca58d3b954ac576737dd1eb14a15c2e333333c3c8c808c96492a6a626dadbdbe9ececa4b3b393d6d6569a9a9a6203402fa425a5c4f33cfafafad8b46913070f1e646e6e6ea987f71380b82f120c2259592b0e60c9d50ddc4d309b6fe9077577b371e346d3e873baddaa56ab512c16999c9c64787898e1e161666666a856033d8b4c2643369ba5a9a989a6a626b2d92ca9548a4422611473344ea08778964a251345e8a93cd3d3d30c0f0fd3dede4e4f4f0fddddddb4b4b490cd660d4e70a139816c36cbc68d1be9eaea627e7e7e290cc62568d5feb810e275a5d4d4ca65bee20016dbfd93c0fb808f124ce75dea71ac5ab58a9e9e1e5cd75d32fcd7bbbedef14f9d3ac5c4c404b55a0dcff3686d6d35d37bf3f9bc09df93c9a4c9f91b23003b0ad0537c750a31333343b95ce6c489134c4c4c303131415f5f1fdddddd343535914c262f2827a001d1dede5e56ad5ac58913274ee78cf3614af76448155ee106ac3880056b3581b8c796d33d2893c9b07af56af2f9fc827cddcef5e7e7e799989860707090e1e1610a8502aeebd2d6d6464f4f8f317e0de4d93b7dad563320a0effb26f7d78ec1711cb2d9acc1029a9a9a686e6e36b842b158e4d8b163cccece323737476f6f2f2d2d2da4d3e9d810d1f7ba03504a91cfe759bd7a35d96c76316290bd3686d1dd332b80e08a0368bc98520433fa6ec4d2ee5f104bba2e2d2d2d7475759148241694feb4c1cecfcf333232c2c99327191f1fa756abd1d4d4444f4f0f5d5d5d747676d2d4d4442291404a49b158646e6e8e62b148b95ca652a9c49c805e1ae9d758811d21e8b9818944829999190a8502939393542a158ac522fdfdfd66a8a836a00b210d705d97aeae2e9a9b9b999d9d3d5d29361d7ec73785fa012b65c1150760d69a30445c73ba07251209dadada686b6b33f9bd6dfcf57a9df9f9798687873979f22493939366d8674f4f0f9d9d9db4b4b41851d0a9a929a6a7a7191f1f677a7a9af9f9796ab51ab55acd9409ed08439701752930994c924ea74d2950dfafdf637e7e9e42a1c08913272897cb54ab553a3a3ac8643217042ee0fb3e8ee3d0dede4e6b6b6be38091c5d62ae00304ba826fac5cf62b0e404ff0b99e251a7decd5d4d46476ef4649ef7abdcedcdc1cc3c3c39c38718299991952a9149d9d9df4f5f5d1d1d1617a05a6a6a6989c9c64646484898909c6c7c729140a148bc558e8af1d817602aeeb9add5f1b7b369b2597cbd1dcdc6cb801da3964b3599452944a25339dd7f77d3a3b3bc96432170481c8755d72b91c9d9d9d249349cae5d34e1a4f8680e08d4288a32b51c08a0300580b7c30c4004ebbf2f93c6d6d6d6607d786a96bfbc3c3c31c3f7e9cf9f97932990cbdbdbd74777793cbe5a8d56acccccc303e3ecee8e8a829056a24bf5eafd3d2926760602d9d9d9de4f3795a5af2643259848052a9ccfcfc3cc56291d1d1318e1f3fc6f0f0089ee7914c26c96433e49b0330513b02cd164c241254ab55c6c6c68c73e9ecec24954a194ce0ad388246fab266e6e97f2fb62bdb53821ad98c67732c524a128904ededed343535bd9903d051c0fb814781832b0e6065bdef4c767fc0181660ca781a911f1919e1c48913c6f875c89f4aa54cfd7f747494e1e161262626989d9da5542a51a954c8e7f3ecd8b19dddbb77d3dfdf472e97333bb4ad3ca0a4a25c2e532a95181b1be7e5975fe6d5575f63707030a8044ccf9048244c3951fff43ccfb00f2b958a715c7af4f8b93801dbe87564a1d3976ab56aaa158d345da5948964b473d2d1cc62f4e637d355701c0729650c4c7d939522681bbe5e08714429555f7100176ff8df4b2033bdfa4c1e9fcd6649a7d346de5b1b942ef3cdcece92c964e8e8e8a0b5b515218409f187868618191989e5faeded6ddc78e30d5c7ec565747775934ca5686f6ba5a7a797f6f60ef2f9169a9a9a701c876231a8fb4f4d4d8511c4085bb66c66767696975f7e99471f7b9ca3478ea294626e6e8e442241269331a5c54422ea642e168b0664ece8e888018a6fe604b4e1eb6a45a954a2582c1a26a37630ba5ae1ba6e2cd2d0a54cdff74d0eaf7b1bd2e934cdcdcd64321973cc6f86556827a19f7386ab9f6076e303c0f1150770f1ae3d614e78465b9f3626bdeb95cb65a6a6a63875ea14d3d3d3a6bedfdcdc8c528ad1d151464646181a1a626c6c8cd9d9592a950ad96c96f7bdef3a6ebcf106bababac8b7b430b07680d5ab57d3d3d38be72dfc5a9a9b9be9e9e93546383131c1a953273976fc181d1ded5c76f9e5fceac92779f0c18719191931d1853630fb36353545b55a35e1776b6bab29339eced8f4e72e954acccece1a2a73a150c0711c52a914b95cce80907a47b71989da01d89142a954627e7ede440bd96c9696961653264d2693a77504fabd6d27f7665f2581c8cbde150770f1eefe2d21f8b7fe8c4f96e7e1795e8cda3b3434c4e4e4a4a949eb997fa3a3a30c0d0d313434c4c4c404f3f3f3d4eb75366edcc8073ef801766cdf4a3e9f67fd864d6cdcb091b6b636836cbfb9ae80a2a3a383cece4e366fdec2f1e3c73878f020b95c13dbb66de7befbeee799679ea1542a9970df6e2dd679b2a61dbbae6b18838d4ec0ee58d414e4f1f171c6c7c729168b6432195a5b5be9eeee8ef11a344721954a99d7d3e1ba0636cbe5b2891eb413d0acc6f1f17152a9145d5d5db4b5b519a2d462918a0d8e9ec55a07bc4f08f1e8c5ac267c3147000304dd624d678338bbae6be8bd6363638c8f8f53afd78df12ba5989c9c646868c8b0ff4aa5128eeb70e5955770f7dd77d1d3d3cdda81756cdfb69dcece2e03249e8d8ea0947553ffdfb66d3b7d7dfd1c3a7c906ca689aeee2eba7bbab8ffbe9f2de0c86b639e9b9be3d4a95326ade9eeee5ed044a48d5f1bfee8e828e3e3e34c4d4d91c964181818a0bfbf9fb6b6364334d23c056df07a0ab0263335827f1a372897cbcccdcd1916e3d4d4141313131c3c7890e6e6e605fc099bd0a47185b304329b095abe37012b0ee022dbfd75bfff8eb3799edec1cae5b2e1f6eb5db0a9a909218469d23975ea14636363944a2592c924d7dff03e3efce10fd1d3ddc3b6eddbd9bc690bc96432141095260b5128c49b64240a0521b0ae43f95c2ec7ee5d7be8e8e8e4e5975ee4031f783fb9a6267efce39f303131b9c009542a156667673975ea14b95c8e542a454b4b4bacffa05aad5228140c86313a3a8a528a356bd69866a8a6a6261315cdcecec62218fdbb52caccfed36dcd9ac3a023869696169a9b9b696b6ba3abab8be9e969e344c7c7c7999c9c647272d2441a994cc618bd765467e90004c17091cb8510cf5eac9d82176b04d01ee6806d67f3240dfce950756e6e0ec771c86432789e1796e882bc7f6a6a8a72b94c2a95e2faebdfc7873ff22132e90c5ec20344c0f6abd7f05c0dc0296ddd81818bc5dd40bca4a6502a32682104abfa57914ea579f1a517b8e106f0bc04dffbdef7999c5ce8046c47d6dada6af803fa6f1a701c1c1c647a7a9ae6e666d6af5fcfc0c000cdcdcda631495726744eaf3912ba87a1b11ca8a3011b33d0edcc994c86f6f676d2e934e9749a6c364b737333c78f1fe7c891234c4f4fd3dbdb4b474707f97c3e86c99c03c5bf3dc401ba80c1150770f1acd5210078569fbf56ab99aeb3c9c9496ab59ad93d759d7f6c6c8cc9c9c990fbef70dd75d7f2c10f7e804c3a40a96bd51a870e1d64646498cece2e3a3b3ac935e7482553316a6fe010c4923bbfed0c22e30a6af0adad2d5cbaf7b2e0d9228812befffdef333737bfc0a1158b45137667321972b91ce57299f1f1f1581f435f5f1f1b37065885c63f34d0681bbf4e65ec9b6e64d2dc098d4b68e769b733eb2ec64c26435b5b1ba9548ae6e666b2d92cafbffe3ac3c3c3ccceced2d7d7477f7fbfe978ac542ae7a2c9980ea3c0b52b0ee0e209ff05c13cbff59c86f7bfd82a97cbcccece9af297ebbaa4d381668836a4a9a9290a8502b55a8d3d7b7673fbedb7c6d879013a9e444ac9e4e424f37373b4b6b6d1dad64a73ae392865092b1258320208767fdb0104b7c0d032990c3b775e42bd5ee77defbb8e898909eebfff670bba176bb59a69226a6a6aa2582c9ad46064648472b9cc9a356b58b76e1d8ee3303a3abac0f06dfab2ddbfa08d5d93837404651f6f229120954a91cd66c9e7f37475751980b3b3b3935c2e476b6bab795c2291e08d37dea0582c52a954e8ebeba3b3b3d328299dc3da00ec10423c7d3172022ec60820035c12824067b52a950a737373a659a7b9b919cff3a8542a86de5b2814a8542af4f4f4f0fef7df496b5b1b096df8c924c9640ad7f3482692785e022fe1522e97181bab532e95c9b7b4906bca2284b344486b193e0a54940668072095a2eed7c93635b179f316e6e78becdb770b838383bcf0c28b0d60a2a45aad1a50539718474747a9542a0c0c04e549bb61494b99e97e059bf4b394b869e3eeaf73762d89363b3bcbe4e424e3e3e3e472393a3a3ae8eded35e17e2a95322dd84a290e1c38c0d1a347a956abc6b19c4e9be134ab9560c6632b30bee2002efcd54b30ce3b73969103c562d100811acc92529abefcf9f9792a950aa9548a3beeb88d75ebd791f012789e4b2291241172f8bd448244222829ba0917d749e0b90ea572052927a9d76ae49a7378ae170306ed142032301684dc4a29a41f185b4b6b2b9b366fa45229f2a10f7d9053a706191f1f5f1055d46ab52022999f676e6e8e52a9447b7b3b994c8613274e303d3d6d1c9f36e2d6d656d6af5b477f7f3f7d7dfd74f7f6d09ccb91cd660d934f10b119955228a95048cae50af3f305464686191c1ce4e4c993a67b72666686e9e969e388fafbfbe9eeee3654ec1d3b76502c163978f0a07142e9749a4aa572ae1bc20e028af08a03b808d68630e74b9ced134ba592317c8d4257abd598d1d4eb7576edba844b2fbbd4a2b9063b7d2299c44d04f457cf73f1bc9028e3b9b8c2433881b1148a057ca5680e5307633c114a689cc102c3570aa55585fdc050bbbbba99ea5f4db154e47dd75fc78f7ef8e358beac4b75b55acde8137a9e47b95ce6f5d75fa7542ac5de63d5aa55ecdcb9932d5bb6b06edd00ed21f3b1b323c8e175ce6e0b9ce87443d7fee7e7e74d1955474f274f9ee0d503aff2ca81030c0e0e9aa843138efafbfb8dfee1eeddbb191f1f67787818dff7696a6aa2543a67f5ef75c03a21c44b175b83d045e500c2fc7f7d18ee9d55cdc8711ccae572ac2557e302ba93af56ab91cf3773e34d3792cb3593f402369ce726c248c023e126c29ddfc3733d1ccfc5735c5ccf011c1cc7c51150ab569853d09c0bda9017a403daf8edff1ab08000800bc2f2bebe3ec6c646b9eaaa2bd9bfff150e1d3c147b39d77563653b8decdbefdbddddcd9e3d7bb8f4d24b191818088cbeb393f5ebd7d3d3d3637408975afabc05acc61ed6ae5dcbdcdc1c7373739c3c7992b56bd7b269d366f65e76292fbef022cf3efb2c636363462db9582c9a06abd6d656b66edd6a5aaaf563ce717510f042524069c5015cb82b47a0f8d37a0ecec300589ae3eefbbe61b0e95c74cf9e3d6cdcb03e08f1c3303ff8193a81901eeb391e8ee7e0396e68f402e1b80485000747087c3fe832cc66b324c272177624a07f28422c404705049180d2e87ba0a2dbd7d7cfecec2cd75c733547de3862a2001dae6b128f4e73b4f1271209f6ecd9c30dd75fcffa0d1bc8e57224bc8461f9cdcccc84e2263ecdcd79e3041a3b011bebf4ba8bafbdbd9dfefe7ee3088e1c39427f5f3fdbb66de3b1c71ee3f9e79f379884061efbfbfb59b56a157d7d7dbcfefaeb317ce11c71802d04d2612b0ee0025e3d610a903e5be3b7812b7d81eb6a8006c4b2d92c575e7939e96c96543289e3b9b89e47c24b063bbee7e2994e38277002ae8beb3808ab034e38616bac72a8cbc0c90821703dcfa4022286fe635504ec1a7c9012482591be1fe80fb6b4b07dfb76d6ae5dcb912347167c2e7dd3887a3edfcccd37dfc2d5575d45776f0fa944086626927809976aadc6c4f878d80895a5b5a585ceae4edadada0c35b7918ebcd8d27269f97c9ebebe3e8e1e3d466b4b0b1d1d1df4f7f7f3d0430f31353515e315747777b37af56a5e7ffdf5b73a933115a601dd047305571cc005ba568520a073b60e401b86a6b16aa69c0d8c5d72c90ed6ae1d209d4a914ca640083c2fc8f13dd7c53106efe2b80ec211c1ce2fa25dd8711c83ee6b2a50ddf729964a6432695cc705a59044bb7ee404e4828a809212e907a5412f91a0b3a39389c9092ebffc528e1d3b66764e1bd8d40eafafaf8f3befb8833d7bf792cfe749a55224c330de4b2649b86184e305518c529299d919ca9532d3d3537474040a481a635850cf584227a0adad8de6e666babbbb78e5c0019a9ab274747470fffdf7333838688e37954ad1dedebe5cd7461fd0278478f962120dbdd81c406f98efb96763fcda3035166037b5e8b65ac771b8fcf2cbc964d2114d1511187db8c33b9e6e910d727de13821f01772e385080c5fb3001d82bd5e05edb7957225e01d88401b40570822e30f41408db6db441ca5907e9da6a62cb9a61cdbb66d67f5eaa7191919316534dd18e4380eabd7ace103efff00bb775f4236d3442a9524994a914c26c28a46022fe9997446849f4b380210140a45eaf5114ae512ed6deda452a945b401ac5426fc2cc80873e9ebeb0b158f9a48269264b3197ef8c31f71f2e449841064b3597a7b7b97ebdae8246004ba407dc5015c7800a013023d1de7f27c9df7dbc6af4930beefb366cd6afafbfb49a6d2a45269a45408082200bdeb0b07c71108e10437a57fd77ded98df4d326f6195b57a1d51ad924c24a33220a090260a80852c3c153204ebbec4f53c5a5a5a686b6b65e3a60dcccfcf1b40531b684f4f0f77dc7107975c7209994c86543a15ecfec9a421e3e8ce483b32b2853c749434373b47ad5a335a848db8406cb30dd31bfb31b95c8e4b765e423a95c64b24500abef7bdef1955252dd0b24c0e60204c0fe72f16bb70b878563341f92f7b2ec6af6ffaa26dd4ecdbba756b40614d6748781eae1ba40d8ed086ef84617fb0f323c26e3900e1843b3fc10e1adabe42c40c42aaa05457abd74c6e1d4f0182bc3faa0044654169a503c9548a4c26c3a68d9b504a9999011ac7b8e1861bd8be7dbb111449a553869b6f3b8264f87bd228fa4415124f039e9e47bd5e3324a9c5a61f9b7f9bfbe304a24422c1860d1bd8be7d3bdbb66d63dfbe7d64b359262727df4c0afc6c569a4014b6650503b830574bb8fb9fd367b677355d2ad30ea0a525cfc68deb03c348a7715d2f6c8175701c701c81231c4488ee07e17eb0f3234418e907c68e1d1687a8be090214c8d0f1186052cad8ce69988184bbbf94f852a2a48e027c126ed0abdfdbd74b7b7b3b8542c118ee9e3d7bd8bb77afe9d24ba552a453413d3f954c924825f15c8f44c2c371f4eeafb191e0b322022766a3feba5b1021c884f4e900eb10268e89c0ccc8496827e7791e0303034679686666869ffdec674c4f4f2fe766d81956024ead440017de6ab372bcb3367cfdbb367c9bfbdedfdf4f6b5bc09a4b269238aec03161b1674510c274f9091158b62042f0edfe3fb3370a15f604440420dfb7c6884b658c5ddaa0a0b93ffc9b2fa9d57dfc102d4f2492a49209fafa7a0d09a8a7bb87ddbb7793cd64a35d3ea431a7522912c904c9b00ae079092b15704daae3380eae13553a9cb0cce9ba2e4a2ae66667a27a7d2c65b11c988c77124a29a9fb3ec964920d1b36b076cd1a2ebffc72366edcc8fcfcb246eb9d9c4389782502786fac7c7873ced6f8b5e1ebdc5fa3da9a17108862b4924a25c3dddec51112027c2ff85fd89ae7186aaca3f13dc28c20a2fa0a8550c2d4fb85ed105490f3d7eb7592894470bf0cc0333b4d18191961fffefdbcf1c61bcc17e6c9353599315a4d4dd950462b4d4f6f0f870e1d2693c9b06bf72e3a3a3a492413c14d87f4c990c49448e27a2e09cfc3735d84e386984674738483128a00725138165d8100e3647ebe80102246708a308dc5484d11bb31954eb16acd1a0ac522d75d771d3ffef18f977b93681242888ba5127031398036ce8101683b035bf2da16b71c18584b2a992695cae07a2ec209f27f292542ff27048e46f58563987c089052209c3022d0641ea18cd5c8d009987c4081543e3521705dc7ecf64a29aa951acf3efb2c3ffef18f3870e000ddddddecddbb97cece4e868747387efc0403ebd6d2dede412299a0abb38b969616fafafad8b061038944d0a8940c73f8642219b1175d8f841b007fc2757120023521686012044e2e04304d47a3083f1be0fb758ac5024d4db918ae12fd540bb002d350e44bd2a9141d1d1d5c72c925bcfefaeb1c3d7af45c5a81175bade1eda2a9045c4c0ea0278c00ce69d9c09fee6cd35840737333e97410223b8e086ae24e60c0c288590a5041cddf2142fb850a1c4370bdcb302a1656eeafe22941e80ca45288706ea0aeffd7eb759e7aea577cfdbffd375e7bf5553efad18ff2e94f7f9a9d3b77924c26191919e1d1471fe5d9679fa5582892cea449a592f4f5f5b175eb56b2d92cbeef73e8f0218e1e3d4ab158249fcfb376ed5a76eebc84f5ebd745a98d083e6754b5087d5bc3b13622fc7a556b35bc4ac5b453bf5973931d8101462760d7ae5d3cf3cc338c8d8d2d1750dc7b3155022e0a0720844813a8bfa4df8a03b0452d6c303093cd924ca5c2529f1b82614ec8b00b8d3db4104dd375cc7eae502a32207d9fb5df070e4118fe5ff878659c401091285e7ffd75feeeeffe8e477ff94b8ac522afbdf61a737373462fbfbbbb9bdb6ebb0da5148f3cf208ab57f79bd1656b56afa156abf2d24bfb79e185e7696f6fe7faebaf67cb962d0c0d0df1cc334f53a994b964e725463b5084a1be52e0584065f03922225398d5c452012115a552d98879c62200c5828a80ef07f845ad56a516465e7a52f3ead5ab97cb0164c2eb24b5e2002eac950ebdbb7baec66f3b80208c8d1a67b2d90cc964c2aa833b382e211720f2003a107042c4df510a42e69f0d065af89fe52474401d41854a4a244194512a1579f2892778fef9e74d5becfdf7dfcfb3cf3ecb1ffff11ff3810f7cc05073b76cd9c273cf3dc7b163c769ef68a3bba79b6c5396175e78911ffde887b4b4b4f2dbbffddb7cf18b5f24954a512a9578fef9e7f9d9cf7e86e779ecd9b327600c6ab72634981fff1c6af158c0e01b4afa54ab9518d0aa224eb36966d244a56aad46a552a5522e53abfb461475ddba753cf7dc73cb719db8e17592bc48ece2a27100498246a073ae7ad86a36764a2065d06893f01231228ce3b8f87569ca5a026122027d9f54e062e7ca2107405b51584e0b3402a3642002040552491c293872e4082fbffc32737373b1fafac4c4047ff0077f404747079b366d3234da8181011e7ae828e9748a8e8e6e86868678fcf1c7191919657c7c82af7ffdeb64b3593efce10f934c26d9b973272323233cfdf4d3ac5ebd3a64e009739cba89b6215889d48d840aef0f8e59eb1b542a351ce1e0d99afe0a24114539605cd6a954ab542ac1f0917ab58a0ad586d7ad5bb75cd789135e27a915077061ad4418de9d9503b0777ebb1bb0d1010801ae9708f37d27a0000b81e38a681bc76ae0110a47eadc3f8a8d8508d97c51b74f582620aa9787c0a1363ee5039ee4e5fdfb999a9a229d4e2fe0d8572a15eebbef3ed3bd974824c866b3d4eb75c62726686969e5f01b6f30393989e338f8becfaf7ef52bbefad5af323737c71d77dc819492bebe3e00f6efdf4fbe254f361372aa64a06a2c42c032884ec2503f74608ec2a42e21cc17e910d4eb86162d94b0548d247ea83654ad56a856aad46a75ea352d3c1abc879ea9b04c0e207b316163179303683a97086031755b1b13d0a6edb94e940743d0f4e37b48e94328efa5392e024d791741994ca838ff47570374d0afffa8ec78daea0aac2b4e1c3f8ee779468da7d109fcec673f63f7eedd388ec3cccc0cfbf7efe7a5975e62e3c6f5b4e45b99181f5f40ab9d9e9ee6dbdffe366bd6ac2197cb2184a0b9b99957f6ef6755ff2ab66edf66d19503a59f00e7881c9fae5fc890de2c62b86010090404a53aae72c3e74b7ce9e3d77d6af59073e1fbf87e1ddf97f84a9aa8c8c1a1b9b979391d4013e72016b3e200de1b18c039a500dad8f5ee683b066d684eb8fb9b5c1f705c07a9fc06de7e60b8ae8810b3181d5e87f90acb882cd29005121a904d49a64251cfe6e6665382b4d7891327f8c52f7e41b15864fffefd0c0d0d914ea7e9ecea64626202c759dc90f6efdfcf534f3dc5c0c0008383833cf1c413c184a34d9bd8ba6d6b84f0c5fc8de6320b53ce149ac8242ce25398d6f8be8febbb863de84b3f30744b6bd0afd791be8f2ffd581d37689f5e563edb4a0a7001ae2c6749026a8c001a27d53612588469ebc518a7eb3848e158462151ca35062e9048827f0b1144052284c995b0e1be30dc37bb290809ca51c62d140b055a5a5accc4dfc504327ff0831fc4fe5dafd728cc172884138d75aa63af8989097efad39f924ea779f5d557191b1b63c78e1d0c8f0c83924821428724e2709f0a0f5206d502948e022c57a6228758afd7701cd7743afabe4f5dd6f16b12e9d7f1c3b44085cd4d0a1582a9aa01627ccbab8573e817597100efeed54ed007f096b70a7b6735c6a202c43f32d9f0ffae8ba8fb16bc2f0ca2ef2b19b20655a4ea232c902fc689b7e706114f05c23fd66a3532990c5d5d5d2493498ac5e2197c9680d65cae54e8eeee3613766d6d3ddff779eaa9a762cf9b9c9c646a722a86574487af2224500383b17fab30e5899e2400bfae50ae1fb53787f4654968f8be32550f9d4629b548896199ae152184ab94f2571cc085b13ac2d0ee9c5763f79abdfb9bf2a0457651283c1cfcb07dd8970ae1281c2951615bb066bc0598800ab67683a44ba446d174a3900c0bee320cad1141dead4440cd1582fefe7e3a3a3acea84926a85644e3b5f5908e3713d70c4a7255a4c633ec74c509110e19edf4ca540bb4b71428119c07a40c58848e43c0f109dca80ce5cc9454f85202327abf100094a89874d932ade6d009b8c005ef002ef8662021844740033e6f799d923ef57acd9058ec2dc9751d438cd182b35249d3b24b089dc5b73219e3fe23951100091e2c2df43d7850b6a909dff7696f6f67f3e6cd673429578fe7d22a407adace9be653d96c58015081212b1982962a382613f0c840ab20aa0d1860937097d79f26c04a42835721c742866993b4661ef87ed0e118feb4e9d9cbb4920474e08b0208bc18ba0153e7db0114cb5a16ccaed7073bb9e3ba3808840c80315f992effa8fd555a2dbc4aa264c4846b24d646cd323224d304b79696166ab51a8ee370c925979c91528e97f04c0763b55a259fcfb373e74ec31c5c32466e6fa7abab2b6cd2097d910a780dca4a53a40ce9cffa3348151a7d34ca2c081e82d7311bb90c33fbb095594a85ef4bd3d9e85b32664a4a661b26202f8303e8e42221035d0c0e2011023be7cda3170b452a95aad9e1ed48c0110e8ee785bbbe0a7677154df591326af58d0169a6c7df7a3d65f5d0eb3f8694e08e8e4e33a5a7bfbf9f4b2fbdf4b412dd4208d2a9603aaf97f428954a48298de8c6e9d6ead5ab59b56ad52209b88ac995a3a22625f37942a7a5c10da5e27c41a9b478891fca98f9a1bab11fde24be5f378ec09792a986c1a7cbe000f2174b7a7cb14400ede7d30194cb252a9532524990ca64beba44eeb94ec8800b773a29cd8e2790111a6e1b09562f9da9fbcb00fdb7b1eff07f9b366ec4f77d23ee71edb5d772c515579c36fcefe9e92197cb8579b6cff4f434ddddddecdbb78f818181459fd7d4d4c4eeddbb59bf617d18a2db06af7d92f5598cba91e5088422f29151f79f0c777ba9145286b97e08444a3f08ffebbe1f187e9802d4fd3aa74e9d5a6e07d0ce45520abc181c409e40f1f5bc7da17a2a50b552b536e66817d49a80a6b145055971c0780bc2e738b22fd1546173978aeae896a5993afbbaf5ebe8e8e8606c6c8c5aad464b4b0bef7ffffbb9f1c61bc9e5720b72f855ab56b16a553f8984c7f0f030c9449253a74e21a564f3e6cddc75d75decdab5cba403c96492cece4ef6ecd9c3ae5dbb686f6b0f4548a415b144fae4f1eefe28c869347ae320429c436a1cc0ea01d04a4675bf8e5fabe3d7a37e8c62a1c81b6fbcb1acb05178bd5c14d260174398d3cb3948819fcd3a76ec389b366ea2582c926bcee12291cac1f1152a68fdc7f35caad5e0624e0811e4b94e680c42f70a84c081560736b57f3b450839b69a68131a606b6b1b7b2fddcb430f3ec4f8f8b8999a7bfbedb7b379f3664e9c38c1ecec2c8944826ab54a329564f5ead51c3f719ce3c78fb366cd1a6666663876ec18ebd7af67dbb66d74747470f2e449a6a6a6a8542acccece72e38d37b26eddba80b7a024420a23fe211aa900b1e4202a93867c4183f62b7bca51287ba6c2662bed04743f40ddaf1b61d66ab5cae0e020838383e7e39ae911421cb8d047855dd00e201c05a675decedb3a75ea1453d35374170a2150a5709c08c84238b8ae879790d46b7eb0fbcba025d875b5924fa4061ca40622b6a31a0c5da703413d2cc415048eebb073e74ec646c778edb5d7504ad1d9d949535313dbb76f67c3860dcccccc70fcf871c6c7c759b5aa9f6c36cbe8c8181313131c3d7a94f7bdef7d1c397284b9b939fafbfb696a6a62c3860d0c0f0f73f2e449aeb8e20a6ebce10632e94cd88e1bce4c089d9c7002408f90d31f1c6744018e8a825aec34c8f3037fa667192a7c5fe1d743e3afd5a9d76ad46a75a42f439663d045582c9678f9a597985c5e0c0082526057681fd51507f0defe7cdd04fceef3b6060787989f9f637e7e8e6aa58ce7e5acf97c2183d011b8ae47bd1620d781faaf08d4804450ef0f6cc7a2fc849d76c20afda3de8048354033e4d2a914575f7d3575dfe7c02baf303434444b4b0baeeb323737c7d8d818d56a9575eb06e8e9e966626282b1b1317cdfe7c89123ecd9b3870d1b36303838c8b3cf3e6b069e64b35976ecd8c155575d45aeb939d8859583eb464e4b0861780cc8a8d967414a600383109b611038cf865dbf5ea356af030ad7735175a8546a148b258e1e3dc281575f7dab538116853ac2ebc6e52230900b79b9610490399f6f323131c1e1c36fb06edd7ae60b0532992c321c26124403115947263daad51aae10201d9c901917f0d95524928b30a1be8ac9ec8828b2d040a38608a52297cbf1bef75d4b5767272fbffc32274e9ca0582c904826e9686fa7afbf97a66c40f6191d1d33421ad3d3d33cf9e4937cfce31f67efdebd411b6ead86eb79747676d2dddd45361374102a149eeb857312054a8692e996d2b130b17e247c6aba1d89570aa41fb20542aebfef4bea611390f4652834ea500b1d42a130cfd4d4144f3ef924a3a3a3e7e32b6d0aaf9b1507f01e5f39a09fb781dbfdfaeb87b8eaaa2b999b9da5a3bd1dd7754cdfbb2fa301209eeb51777cf025ca1148e1e30ad76805481971dc4d05dd6e27b6d07408c03349c498f37d49229164e3c60d3437e7989c98a4582a205580430821a8562ad46a754e9c3811a336bff1c61b3cfffcf3dc7cf3cd747476d0d1de41369b35ba7d5a3d584a85f202d4def53c1ca11052e23a4e247e828e6ca2fc454b991907a03b2a9532b57dbdfb4b29711d17cff56211c1dcec2c737373bcfcf2cb26d5390f2b0dac0e5381f91507f0de5ddd04431fd3e7fb8d8e1e3dcad0d030eded9dcccfcfd3d2d20a4286b3009401cc5cd721994852a955504ae24a0729244205330410226cafd744795b0a0c334044aaf8c010e92b08d974849d8bed1ded343535055375cb254aa532a55211292573f3731c3d762cf6192a950a8f3efa282d2d2d5c76d9e5786e30d938934ee379095cc7357c867aad8e2f259ef4715c0f4708a41644c1925277226d13694a24f6b1474a4b4afa281508aaea69c8f55a0da9025190d9d959a6a7a779e5c0011e7ce8c1e596046f5c0340b71062f8425608bed01d4017414df7bcaf5aadc673cf3dcf860d1b989a9a26976bc67134a73d8800a4de295d07cff7a8fb55fc7003164e50fd0b0445747f801fd4fdb531e9744012d6cbadddd30f40b29a5fa35e97d4eb25547516a7364dae7e8c164ee0242770dc69dcdc1c7457f8dc155912de6a94005f0aaa759752d565bef21c22791ca7da879add8a641332d586936a26e16510a18c99f4432a6ebd8e0f0b46838540ac6990922a3e25d88e3e3cc7c1492483560705d2af530d4b80b56a8d999919c6c7c73974e8103fbbff7e464746df8e6be7829f1578c13a80b002d0cddb38e8e195570e70cd35a7c8e572cccfb7d3d292c741221d01be1fc4c1cac5f304c9a487aa28ea7e3d10d7f455984707e417616609444c4119761d620d03f57d1fa97ca4aff0eb45a8cd92a80e93aa1c24517d83847f829438492259005147b83e2e3ec2555a9ddcf4e507bec5096eea30527a94e5c3d4cbab40ad43ca2df889eda864379edb8c48654c1bb4ef4b2be5f183129fef879f4319b563d70986a60066ba906eb53664a07a9d7aa8b654ad56999c9c6464648423478e72df7df771ac2172394f4b0f92b9a0b932177204902298f5d6f176bde1dcdc1ccf3cfb1cab57af627a6a826c539664c2c3f705c2d588bfa45e07cf7549243c9492d4eb3eaea342345d8f1faf875345740e1dd27e65a4331884ce559cda046ef918a9e2b3a42a2f91f6f7e3b9209259dca66644b29b446e036e66356eaa1d27d58993684178391cb7099c14a82a4a5551b559a43f83ac4e502f1da1567a03551dc7af3d8e5ffd09f562826a6507f5e45e6aa92b10897590e8c0f312d6e0d386894a2cecd86d5459921606a043fef9f979c6c6c6181d1de5e0a143fcfc8107387cf8f0dbf575b613cc924c720197022f6407d00a6ce03c73001ad74b2fbec4de3dbb49673234b7b4d0dad21af4958ac8141c07ea025c277002522a7c590f813f6b3c78581f37125f218d564a057e1d2a2749169e2233ff30a9ea73b89ec0cdb4e0a43790c86fc16b5a87d7b41637bb1637d58b70520827817092e02410c20327891089f0a7be3f624dcbfa0c7ef918f5d241aab34f539d7d815ae1307ef92fa955fe865ae24aaaa9dba827f720bd1e6b4660a890a4430c4b3528e0f62f32be3c7400a55289e9e96946c7c6181f1b63fffefdfce217bf606464e4edfc2a9bc2eba7e54206022f6407d0155600ded6aeae9999191e7bec71fafbfb181b1d259bc9924aa50270cef54d44a9d17cd771492613542a12bfee875afb3a8f9656d92cdaf9557998e4fc2fc9cede4baaba1f27dd8cd73640a2793d5e7e135e760d6ea60fe12443245e226bc3c1bf9d2438a9e0a74844f78984e5083c101e42a470dc1c4e6e3789dc6e325d9f40f973d40afba94c3d4c79ea312ad34f929a7b886af25a2a99bba9272f07a719df570821e38343549c0f60f740d46b35cae532b3b3b34c4c4c303535c589932779e6e9a779f6d96729140aefc435b486401c64f04205022f7407d0c7398e027b2b6bfffefd6cdeb289abafca303e3e46774f2f09cfc3f7752d5ce1124ef709f3fd643249a55ac5f76b6664b80819839af92ba52251788ee6e96f932d3f8e93cae2b56f25d1b209af792d6eaa0de16510a28eac9c44b82984970295c471522892a13fac01e18e2fea2859478804ca4922641d153a03256a28550e1c83f0102289709b49e6af2199bf86a6559354a67e4171e4fb9446ef2331f72f29243e4439fb0584db69f411a3b426ec019084e0a8a25a2d532a05d37ee7e6e6980af3fd03afbecaf3cf3fcf891327dec96b685d781d2d96c5ac3880773100e884debbef9d78ff4aa5ca230ffd92dedebe609e5e3215720314b59ac2f3b4cea063eafec27548781e2845b55a45293f50041798f03835ff0cadd37f42b27e02279923d9b20eaf793d6ea613e182f2a780d9208cf752285543c81a9042893ac81a42d441f9206b28a71628f238751489c0f89d64087ad7010f4122e84244a2940fc2350ec1f1dac9747d8254db6da4dbbfc7ec89ff8233fd37f8b51273a92f91487785537f2259755ffa54ca152a950a7373f3cc17e62815cb4c4f4f313636c6a1438778edb5d73872e4c8a2ba866ff31a00b6018f5ca838c0851a0134039bc32ac03bb2068786f8c5cf7f41cbdd7992c904c9844773731ec7210c8f158eabc7780b8492e144218744c2a35aad0625303fc88fd395fd744cfe0792f264c8b4ab22ab43d4e76690951c4ea60d37d98a936a07a709a124e0a3948f503594ac229c144ad640044e41a87a60d432094e1819c81a4224836880040a1ff003a7213c045e2843e623841b3a82169afabf40227f29d3afffafa8f11f522a34335bf9348964a03318300beb942b658ac5225353538c8c8c303834c8c8f0084343431c3b768cd1d151aad5778dad6581bb81bf15428c5f8869c085ea005a4307907e270fe2c08157e9e8e8e0d65bf7e1380efdfd81aebe52c2a40242a850e5d701ea61b8ec043b27416eec5767c8cf7c8b941c01b7092880a8e0d7468370ba064e2d854c36e1a45a70d3dda854174eaa0f44dec87529e583aa22fc1acaad814a21640d25920852a1d187bb7f980a04d8401225eaa143f04005e980c205258d2348e676d3baf97fa75e7c8dccc4bd3cff7a8ea9e22a4458ea034c696f62628283070ff2d24b2f313535754622a6efd0ba16b801f8ee4a04f0de593dc09e7722ffb757ad56e357bf7a8a6432c94d37de889492febe5534b7e403e65cd82710007e7e3839a766443465580168aabc4473f5598497c149e7f12bc5b07f00841bdca0829215647512e59f40d49a70ca1db8e91e547a00971e84a70b22c5c06b5043891438355035844ca19cba950224102451f808ea61349040e0873c7e37386e3c4022448244d376b27dbf41aefca774e74f5296ddd4fca499a9a037d17c3e4f6f6f2f434343cb35d8f37ca49228a59a80af003f0d4edc8a0378b7e7ff1e702330b0d8849cb77b150a051e7ef811eaf53afbf6dd825ff7e9ae76d3d6d68ee779d4ebe1d00f0740a06460d8beaf0931927cf5008e2ae3e5b7e2a45a41cc02b341c38d43c0557343da8003883af833f87206294fe0545fc54ff6e0260770329b71bc8e886b400da152285905a70eaa062aac149044510f8d3f1144282a89128160ae4911941f380221112249b2f93292e9765a3233b454cbccd73a82869e50b958f714b4b6b6323030c0ce9d3b79e8a187965bd9675956a83d700bf041e0db2b0ee0ddbf3a800f388e63c2ff77da09944a257ef9cb4729168becdbb78f5abd4aa150a4a3a3c38cf2f26b3214d410c87aa0b45bad067df0d403d14b37d5859bed40a9b5f8c55711a26e468f077d0421ea1e3a82804c5843f953f8956954fd38a2f61a6e6a3d5e6627c2eb0ebbf6aa10e20382144a84a981930af00327ac1aa83a4ad440258212a5a887bf7b2895209c7386ac4da0ea1570b2b88966325e06d7758d13d05a85524acae532bdbdbdac5fbf9e5ffce2173cf9e493cbadf2fb96563299a456aba57cdfffc74288fb9452b32b0ee0ddbdde075c9e08a7cdbe5b00a54aa5124ede1d279bcd50ab8d5228ccd3dad242bea5956432694a65326c89add56a54ab55ca7ee0cb945fc4496d24c100c86954fd6418f5602a0698c94444bf380403486411593d8af407f1ebafe3a6b6e2a677e278bda04a08554551433835944a06ce43a44260b016183fa9303df043e34f05d38e848f500ed22f539e7a906a6596b25c8d93eca1c96b8a19bfe338b188a052a99868606060809ffef4a74c4d4dbd2b767f3d6f716a6aea3aa5d44781bf5c7100efdef0bf09f8b5743a9d6f6e6ea6582c52abd5def10820994c72c5155770edb5d7d2d1d1612efc42a140b154646a7a9ae6e6669a9a9a48a7d34618a356ab51afd798f207e8274dbd709c64fb4edc743f8a02f5d929a01018bf6a7002d6cdc8089aeef62aaa7a8a7a7d0c597915377b396e6a1bb8ada00a011e400a25eb013e402a480d44584624113a83081c4448204175e6714a633fa6586ba7c46e52e9161289049ee7e1ba2e9ee799a621ed105a5a5aa8d7eb148b453ef9c94fb26edd3a7ef0831fb07ffffe77fc9a725d978e8e0ea494def4f4f43f1642dcaf941a597100efce75bde779b77576768a743a4da55279c70fa8adad8d5b6fbd956bafbd966c366b0ca05aad52a954a8d5aa812328164924126432193c2f11d6cf15f5bacf5c6515edee66d6965ea7367b8854d71ebccc5af0a7a9975e06550f661008621388ed6544451c8cb8a8a08a5f1f4416a690b543b899ab71136b03d6a1082201642a281b0aed04020710fcac23441d4512e138f89513cc0f7e9d6aa5c878e54390e8259d4a9348244824123107a023003b32686969a15028b06fdf3ed6ad5bc7dffccddff0e0830fbea30e5c29455353134d4d4d1c3c78f0b242a1f059e0dfae388077dfeedfee38ce173a3a3a3a56af5ecdfcfcbc693079a7565f5f1f9ffad4a7b8e28a2b48a552241209940ae6f1799e87e77954ab09e308aad52ae5728540172f9c90ebd7a9562bccb99b691f388433f5125e731f5eb61baf79074acd232b8702614d3fd8f11d17231c2c1ae7766a274034d95bc9127ef935a43f82ca5c899bda85709a0260505483305f548124886a1011887a1049a824c2c98072298d7d87e2d84f99aeee60cabf99643a452a95329f5d7f6611aa25d98e40df72b91ce57299e6e6663a3b3be9ecece47bdffbde3b420ab207c3767676522a95bca3478f7e4908f123a5d46b2b0ee0dd63fc2e707b7373f3dd6bd6aca1bdbd9df9f9f977144cdab061039ffbdce7b8f2ca2b4924122443818bc0c8cb0b2efc7a3d49b556a55eab451a774aabfc2886cadd3c7e720fb7ad7f92f2d0c364d6dc819bea2691df4b75661e551f0e803f15aa8aebb18296e27828df173805c74a1320e817f027a9157f81f447f03257239cd6a002e08411003554582214e8fbeaa01ccab30f337bfc4f28565a3859fa184eb28d6432492291300e4047018d1840633490cd66c9e57264b359eeb9e71e5a5b5bf9c637bef18ef403e80da4a9a989356bd6303f3fbf797474f4ff06fcce8a037897ac542ab521954afd7e7f7f7fa6bfbfdfc846bf53a1e3eeddbbf9ca57bec29e3d7b8c0168024c63feab77c57abd4eb29e0ce5af6be6a7a854103894151c98d943ee54816b9c9760e841b2abefc449ad2691bb8cfafc6328396d2a0131416119edfac6f089a20215e204c1f3aaf8e5e791f51912d9ab115e2fc2af863b7fd8192baa28950aa203b2d4ca07993ffe9f28961c0e4e7f824a623b4dc924e974dadc92c9a4c101ecddbf311ad0373dac349d4ef3e52f7f99f6f676befef5afbfad9c015bb8249148d0d3d343a954f24aa5d22785103f534a7d7bc501bcf3bb7f733299fc4a6b6bebb51b366ca0a3a3839999997724f4771c87bd7bf7f2077ff0076cddba95743a4d26134868572a95d8aeef799ed1e84f2412c6e8f5208c6ab51a4b151cc7a154123c337e0d994499ddce619cd147c8f4de849bdd8c5225ea855fa16401e580134601a830ed573108200a0b1c2b439041395101b276847ab18a93be1ad7eb0f77ff2a4123511d4115c820eb131486fe07e5f9490e4f7c90c9fa35b43605c69f4aa58c03b081c046c3d7dd8f8df7eba821994cf2d9cf7e967c3ecf9ffcc99f303232f2b63a77dff7715d97d6d6562dafde3e3b3bfb874288179552afaf388077cef83de0ce6432798f2e21799ec7cccc4c8c75f676a1c5575e79257ff0077fc0b66ddbc864b3643319b3f36b07d198fb7a9e47ad56330ec0f77d63f8faa75d3e2b951c1e1fbe9ea664994dceab385e9a54f7b5247297802a512f3e077ec5e8f423413a51b46fc65c8411818d11582adec1855f3f852c3e0199ab116e17a84418f2d750a4019fd2d80f28cfbcc289a94b3959bc837c3e30fc643219cbff93c9a4f91c8b19bfbe2ffc5ecddf3570eaba2e1fffd8c7492413fcc7fff01f3975ead479ff7e75ca56a954905292cfe7696d6da5542a899191913d636363ffb310e21f29a52a2b0ee09d599b1cc7f9a355ab56b5ecdcb993fefe7e93fb97cbe5b70d38725d972b42e3bfe4924b4c494f1bb3aef1371abe1ee6a92380c64938d56ad54408f60e5a2ab93c36742349ef0106c40b083749aaeb72bce62b50aa4abdf85280dcfb1116a024015bd076a07624201a2203114e1ef607f1d58b38a94b11a219451541069054a61fa432f90413336b7875f22ed2b96c2cecd75180c6027424633b436df0b682907d3f1056463c5cc7e5ae8fde855ff7f9dad7bec6891327ceab13d0bc8c00a40dbec78e8e0e128904e3e3e3de238f3cf29bbeefef1742fc27a5546dc501bcbdbb7f27f02f5a5a5a2ebbfcf2cbd9ba752bc9649262b148a552795b0940bb76ede2abbff77becd9bb97e65c2e18b81922c88944c2ec74f57a1d2184c9f95dd76d187d150ce2d09140c84223994c1a23d29140a1b096c7876fc1731f60b5fb14c24d916cdf45227f2de0532fed0f907a19070075a82f443485cc5404acf2a1c48c28a4563e8c2b33b8c92d28320814b5c27394267fc9c46c0f4f0ffe0622d563529ec69ddfdefded08c036345b44b4f1a73e8fad6dad28141ffdc847a8d5aafce7fffc35868787cf7b15a05eaf53a9544c49309bcd72f5d557333c3c9c79edb5d7fed0719cc3616540ae3880b7c7f873c0efa5d3e9dfbcecb2cbb8e28a2be8eaeaa2582c9a2febedaa006cdcb891dffffddfe7aaabae269fcf9b419c524a3ccf3358848d76d7eb75c33233c32feb7592c9a48902f47dd56a758103d0b74261238f0f2b6ef2eea3c77d0c5c9764db4e122dd783e3e0975f0efafeed74c00dc9422a9adc2b9c082f309389fde8ef48f04b8710b482db43bd7492caf493cc17723c75e2e3d4dd015ab2594364d2e09d06ff6c07b0d88e6f3b02fb67e34a2693b4b5b501f0a95ffb75e6e70bfcd99ffd19131313e7dd09e854008246a6ad5bb772ebadb7323737d77dead4a9ff0d18067eb5e200de9ebcff33aeebfed3ddbb7773e79d77b27af56a2090e32a97cba1a0c6f9cfffd7ae5dcb3ffb67ff8cebafbf817cbe997c3e6f9a5d74254223fef6452fccd4a0e8719e170cc0301af9e145a7d3030d1a6a5050a703f385ad3c36e47383733f9d3c8a709324f25b48e4df17cc1828bf0cb21a84f38464217b58878e0cc2bdcbc88eebb421183380926554f138c2a9519d7b857241f0fc89db29a9ad34673264b35963f876d86f97f716930c3f1dfa6eff5ddf974c26696d6d4529c5e73fff79aad52a5ffffad7999d9d3d1fd71a8eeb98efa2542a51a954686969a1b3b3936baeb9864aa5c2b7bef5adcb666666fe0f21c4579552afae3880f3bb3e00fce1ba75eb9a3efce10fb365cb163ccf637e7e3e1880512a993afa5217d872ac5c2ec7673ef3196ebae9269a9ab2e4f3f97070a58ce5b28d066f47021a5dd68425a38a1b9630138984490d92c924954a250608eaf7989edfc9532335aef17e8e1879048443a2791389e66ba909812cbd0c7e2532f0b03f4058c420151fe51bcef70b9d40a80952af8d813f895f2eb07ff006060bd792cf47c6af517f1bb3b0997fa733fc33f9ae827162904aa5686969c1f7ebfcfaafff1ac78f1fe7fbdffffef989fa54a461a01d805d16dcb76f1fd3d3d37cfffbdfbfbd56abfd7321c43f554a8dae3880f3b3fb5f0dfcabb6b6b6759ffad4a70cc9a65c2e9bd0bf542a51ad5663a1f7724703994c864f7dea53dc7df7c7c8e572c6f8356b4ccfc0754430be5b103a0637b8c8f5841dd775f06530d6cb76022a24002183fc33994852add7821dd55b584643c058f1729e1a565c231e001e4220f0f21b49365f4bcd49e2975e045988a180c2daf16d10d084fe7ee400a40fd22f435df1c6e84e0e4fdf4a269d269b0981bf549a542a02fe12a67ae144a13f024b1f7481d107050915e822083d183d1c90a64480594889741cd2e934f97c0bbe2fb9e79e7b181e1ee689279e58d6f2af0eff7559b6582c9aeb4b294532198c58ffc4273ec1f4f4343ffff9cf3f2da59c1342fc3f9452132b0e60798d7f3bf027e9747afb673ef3196ebffdf6187a5ea95428168b148b45e300f417b8dc61e1adb7deca673ff759ba7bba686969312cbfe8bd44106aaba8d7df114104601c85b2947f9d851af96ee80c5c2f701e4ed5c1d3e1b4e3c6eae9ae1bccd01b99bf92a7460457393f03e721328e8bd7bc8e44ee0a849ba65e7c01e54f46757fbdfb376cbe3af4373f43453055579c1a5fcf8bc31fc44bb6926d6a22930d228074264d3a9d32f9be63003fc732709b97bc789bb699256c2b0837de270314339b0d2a2d9b366fe6777ee777989a9ae2c08103cb7eedd542c5e262b148a1503055015dc159b56a15bffddbbf4da954f21e7df4d17b80b210e28fdf0badc3de7bc8f8ffa3e33857fee66ffe2677df7d772c3cd65f50a150a05c2e53a9548229b6e70107b8ecb2cbf8c217bfc8c0c000f97c0ba954cac4cf8dd1860efff57df6904d1b18d486df3824431b894e156ab5da02269d9d5f030c17afe2b931c5e5cecf403c4c463878b9b578994b104e8a7ae925943f04c86047f5239b54960350960390b5e0f7f1e95e9e1ffa20caeba7299b251bdeecb29f5dae5c0aec5baedd5908412e97a356ab73e59557f2c5dffa22ffeedffebb659d1f604700a5528952a9644accbaccec791eab57afe62b5ff90ad56ad57beaa9a77e17a80821fedfef7627e0bc078c7f03f01f81db3efbd9cff29bbff99b2493c958e9ac56ab99f05f4700e78308d4dbdbcb17bef805f6eed94373ae996c26983a2e35cd2e44d582a05519930ac76586e1bac0715c1c479810d9f3bc60c7f45c5cd70b4834c924092f2ca319624d9a744891d5e528cd996f6a6aa239df4c2ed7cc50fd3a9e1dbb83e25c89d2f02ff00ba750cac54d6f21d174254e722bca4fa2ea4168afc2101f9f80e7538ff27ebf06b20ef3c53c2f0c7d9092dc10d27423e3cf6432a492a9a8e32f110c1275848313f627075383445c5c5ba998e359a0bc6d7291f06c2aacdf55389edc219f6f2697cbf1a10f7e888f7ce42378def2ed6b1a97d11166a1503069807df37d9f0d1b36f0fbbffffb5c71c51519e07f02fe500891597100e76efc1b095a2f6ffbf55fff7563fcdae8f5c9b7c333db012c77deffc94f7e921b6fb881743a432e9733bbb7be2cf5f45e3dda1bc299775681dd11c228ff88d0190821f05c370cedc35ddd0b26f3baae4bc2f3c2725a825432a2d96af04db7ab66d219b2d90c996c96e1fa35bc38712b954291e2c8cfa9178750d2412456e36576e365f680ca1b83577e60e8da21f8b560f8103ed4aa29f60fef63a6be834c36131a7ddad4fb93c9a439d6204589a887c668f53463ac6847a70126fa211e0d852e4145ffb37e8fc68b251209f2cd799ab2593efde9dfe49a6bae59d6efdec600e6e7e7634ec0eedb9052b276ed5a7ef7777f97ddbb776780df03fe67214472c5019cdbceffef81bb3ef9c94ff2b9cf7d8e6c366b4eba7600b55a8d52a9c4dcdc1cf3f3f331a47639d7e5975fce5d1fbd8b7cbe857cbe19d7f5ce28c258aadeddd80c6357076ca4bfb17740371769c43d1396e07414a0238374a68913d5f7f1c2c4ed54e667290dfd0cbf341a28faba5db899ed78d9cb104e1fd2f750e14e2feb61c8ef0335f06b820363373254ba96543a6b9a74ec661de3041a50ff4646dff95a524a52e914b9e666d6ae5dc3673ffb593a3a976f24a45d069c9f9f677e7ede10cef44d5f8fbeefb379f3667efff77f9f4b2fbdb419f803e05f0a21522b0ee0cc8d7f0bf0ff053e78f7dd778bcf7dee73e4f37963f83ae4d761bffe52e6e7e72997cbcb1efef7f5f6f16bbff66bac59bb865c2e473299e46c07c59c8efcb254479c6d4c76fddff3bc981348a5520b0c339bcd92c9b670aa7603fba76ea3569aa238fc73eaa571901e90c7f1d6e26677e3263781c8eb79218113a80611c01b9357717cfe26bc6473ecb56d924f63c9cfc63bde8ea5f1004d44baf6da6bf9f8c73ebe6c8ec72e03cecfcf333b3b6bc0c0c65440e34f9b376fe6ab5ffd2abb77ef6e06be0afc2b2144f38a03787343b902f81a70eba73ef529e78b5ffc22adadade604dba1bffe528ac5a28900341168b9563a9de6fdef7f3fd75e775d106687229e8dc0ddd9dcdeacec64df6c20d1e617d8dd728d9d77360f3f916ae664f566f64fdd895f18a634743ff5e260100938ad08b70737b91137b913c71d009541f90eaa0ea766777368e60338898ed86e6f87fea7abf7dbedb46fe57c9dc9f9d4a4aae6e666724d393efef18f73e9a5972e9b03d09265333333cccece32373767a24d7dd3d7a78e08366edcc83ffda7ff944b2fbd544b8bff2721c4c08a0358daf8ef00fe7fc0cd9ffffce79d2f7ce10bb4b6b6c6422c7be7d7b9ffcccc0cd3d3d3cccccc502814a8d7ebcb9602ecbd742f777fec6e3adadbc9e57224c2329e6a18706968b42aba1ff37b88038479ad198ad9f01a422307a1d46f001508443876db711d3cd70b7e86487b2299241182863a37cf584e20934e9348b530e8dfc1cbb31fa55e1ca178eaa754a75f41d5eb384e3b4e622d4eb21f215a513507e5c350693707673f0689fee03535bd3796fba74826c2fcdf42fe1dc709710fa33612817c062789883d31b04f9f0f830944b84af41c15fdb4ff538a542a45ae39c7fa75ebf9cc673e4347c7f2a402f57a9d42a1c0cccc0c535353260ad0d761a323d0b775ebd6f1877ff887dc74d34d59e0d3c07f0937b99532a065f81ef05bc03fcb64329b3efff9cf8bbbefbe9b4c26634ea4dd1da71d41b95c667e7e9ee9e969262626989d9da5542a2d1b00d8dbdbcbc7eefe189b376f26db144ef9255ebf8e8c5fc5b202d5886d9b42818a77dd35be46233a6ede2b788c70042e6ed0e7ef04f3049594c8540a698169849183aec9d76a1e43feeda8b926b6e5be8f1a7d88eaec0112b98d082749ad7804bf7c1225cb0c96aee4d0fc5dd4dd2ed2c928d5482693a45311c73f9d4ee17a0107c1098d5d937eecaa8801ef6ca43f1a7bcc823fa16277a8f8ff68f873ec3c8a901f502e97b9f9e69b79eeb9e7f8c637bef19637045d09989d9d657c7c9cb6b6364300b3d99bb6108d2ee7f6f5f5f14ffec93fa1a3a323f1c31ffe705fad56fbef42883f524afde0a277006163cf1f02ffa8abababe5cb5ffeb2b8f5d65bf13c2fb6f337e6feda01cccccc303a3a6a1cc072a9007b9ec775d75dc74d37dd18006b992cefe4a011fbbdf52eaba5cf1389c402e2934e196c30b15ef718afdfc4f38555ac49fd9c0ef90a7ee98441ece7ebfd9c2cdfc468f55aa4d74c3aac3e34828e76e8afbb1ded669fb703f83b5d1ae57981b660b55ae5e31fff384f3ef924070f1e5c9628606666c600b1b95c2e54719631d6a0cde7d0c7d4d6d6c63ff807ff80dede5ef7affeeaafb6cfcccc7c5d08f1af803f514a952f4a072084d80bfc3f81f7efdab5cbf9d297bec4debd7b514a194eff62208b065ae6e6e6387efc38478f1e6564648462b1b86cbbffa64d9bf8e8473e4a474727d9a6ac51e97db7cd87d4c6a79d40a323d08ec3719ca064e5ba94e4251cac6d62c83f4ace3d862b2a946527b3fe162aaa0327e1920a8d5b037d3ae7d7bfdb9d891af0b3710bfbe73bb1d2e934d96c96cd5bb6f0d18f7e84ffebfffacf94cb6fcdce341838353565a61b29a558b76e5d6cc76f24746949b84c261380c96bd6883ff9933fe9181c1cfc3f81ed2161e8f58bc6018475d10f02ff9be3387bafbffe7aeeb9e71ed6ae5dbb60c7b70d5fd7fc7ddf677e7e9e575e7985fdfbf7333636668c7f392eb84c26c30d37dcc0decb2e259dce904ea563a0d6bb206a8a550f825dcf5bd04f60ef4076241084ac090a722705b93372269e43cadacd1b1d80dde8630b7cd84d4fef740460473fd96c9672b9c42db7dcca830f3ec433cf3cb32c8060a954a256ab313f3fcfd8d818575d75157bf6ec31434e6c07a0af191dad259349def7bef7d1d3d3c3d7bef635f7a9a79efa02b023ec1fb8ef82760022b82a3a81af0821feb0b5b5b5f9eebbefe6d77ffdd7c32fab1c2356e8144087fb1a0b989e9ee697bffc252fbdf49269045acedd79c3860d7cf0431fa429db44369b31fc7da508a7fa367c2e22ce9f494c4da7cd62c7d4f8b8c51f8161146235c684ccc35809d10dfb0c424cc002caecdc5ca704524afc7addbc4e546d701022487f129e87171a79e00092717d7f8b922c9c86a69e305f5ff4a32d754a8c74d1628f13d699687ca945cfbe31ba6cb68975eb06f8f0873fcccb2fbfbc2cb322742450ad56999d9d65707090a1a121aebffe7adadada624ec04ec9ec3461d3a64dfcd11ffd11dffce6379def7ffffb57572a95bf1142fc2fc07f074a6fd72872ef6d34fe04b015f817aeebfedaba75ebf8eddffe6d6eb8e10600e35575d86fe7fbd1108d1ac78e1de3befbeee3e8d1a3e7e538b3d92cb7dc720b5bb76c336057fc8b5c64c759e4b70548df12cf58ea218b93649525f11d950495f243ae40c2887f1adc5005ea7d5a91d8088f868ea031b2b089489e612026492492b1dddfb526fc3862f1565ff5261f7dc11fd4528f538b3eed744462a502d710542f32bcefbaebb8f2ca2bf9e52f7fb9ecd74ca552e1e1871f666868885b6fbd95f5ebd72f0908da9164676727fff01ffe4376ecd8c19ffee99fb60d0d0dfd7b29e565c0bf16421c7e3b1486bcb7c9f8b3c087807f9ecd66f75e7df5d5dc73cf3dac5ab5ca84549a6e69d7faed924aa954e299679ee181071e386ffaf04208d6af5fcfbe5b6f2599f4686aca847dfce13e2354b04999cd2ada83f49ea4c25d4c587b526c36877eaedeaeb4567ff888e8f9f1d75258f70950d2ea3c3494e420d437d45abd330ac712fe0c8cdcaffb412bb292c1ce8f42b80eae7071dc808a9cf01224530912e1a4a28497084a7ee1ae2f74cd5f4480bf9296ca88a63c6be72940841f5c590f5126e4091eab6c7552617d7e157c7e33ea2c6c2f0e8c5d845d8d7ada49f0e95dd7a5a9294b6f5f3fb7df7e3bcf3cf30ca552e9bc5c3f070f1e646464847dfbf671e9a59792c9648c23d09502ed0cb42348a7d3dc72cb2d747777f35fffeb7f4dbefcf2cb5fae542a9700ff7721c493e75b70549cef484308d1463044e15f74757565eebaeb2e3ef6b18fd1dcdcbc20df6f347cdde33f3a3aca830f3ec8d34f3f7d5e8f3597cbf1d9cf7e96af7ef5abe4f3795a5a5a78378c183f5daeab7fea1d467320ec4629fb3ceb0860b1a9498d74648d01e84840ff6c1cf175262a3fefe4aad7eb4c4c4c70f8f061fef88fff98c71e7becbcbfe715575cc18d37de487f7f7f4cdebcf1669fdba9a929fef66fff961ffce007cccdcd0d017f0cfc95526afe3d19010821d603ffc4719cdf5bbf7e3d9ffffce7b9e5965b4cd8645fa48d609feffb944a250e1d3ac44f7ffa534e9e3c79de81b5818101f6eddb87e7b9a4d39918e3efddee006c03d6a981366629a55126d68fb1cb5576bbb2162d6dbcd9d4e4c58cfcdd7a8e208878d2e934bdbdbdecdbb78fe79e7beebc45017a3dfdf4d38c8c8c70db6db7b165cb169a9a9a4ecb08d5a5c27beeb987eeee6efefaafffba6f6464e45f2ba57a84105f534a8dbda71c4058e2fb7f2512890f5c79e5957ce94b5f62f3e6cd4666d92ef1d93dfd7a779a9898e089279ee091471e39ef5f5680cea6b8eacaabd8be7d7b58eb4ebcab8d5f1bfc62fa03daf0edfb6ab55accf8f579b69faf81c2c649be4bd17d9712f57c97b9498410a68c79d55557b273e7cef31e4d029c3871826f7ef39b5c7ffdf55c73cd357476762e6854d3dd8cfa5a4b26937cec631f63cd9a35fcf7fffedff32fbdf4d2bf9452ae0e05464ebd271c8010e27ae0df643299ab6fbffd76bef0852fd0d5d5b560ec55e3aeaf73a5c3870ff3e0830ff2e28b2fbe6d97495f5f1f37dd7c53c8ad0f767f192a698ad361576ff2d7d3d4094efff4d3a1e5f66bd9acc4861abced086c18cdee2fd0aa45da50841024b43e41e8046c396f7373840145238c42bdf967b3efd3b884b27000b54471c02a122c555d1051fabfe0fd1289a094d9dfbf9a1b6eb881175e78e16d991b512c16b9efbefb3875ea14fbf6ed63e3c68de18097d2a2aa55da095c71c515b4b7b7f3677ff667e2b1c71efb8aeffb4d42887fae943af6ae760042889b803fc9e572bb3ef5a94ff1c94f7ed2e4fbb6f16b945f3b01a514854281679e7986871e7ae8bceabd372ec771d8bd7b17dbb66db3a6f8b28079faa688fe193c469de9d3d599bdd69bedc2fa02f35c2f04ea22c7b05884d338b1b7719c97695fa641e1f74c3fdb2248bf7a93c7ab862281e2f48f5b78bfc27144988727b8e28a2b58bf7e3dafbffef6716ff6efdfcfc4c40437dd7413975f7eb999826cf335ecef2b994cb261c3067eeff77e8fa6a626eebffffedff47d5f0821fe57a5d41bef4a072084b805f80fadadadbb3efff9cff3f18f7fdc30d06c3ebf0df66905df53a74ef1d0430ff1f4d34fbf65c6d6d9ae969616aebbee3af2cdcda4d3e910f97fe7260bbf554cc0260835b6e5ea14602910b07182912d41d618f6bf9bd3a3c5c20eadc0b47efd7a2ebbec320e1d3af4b6ce901c1e1ee6bbdffd2e838383ecdbb78fdedede9884bd0de66a27d0d7d7c7effeeeefe2ba2e7ffff77fff6929a5172a0f1f7f57390021c48dc0bfc9e7f3bb7eebb77e8bbbeeba2b66fc8b817d5a68e195575ee1e73ffff9b2f0b5cf656ddab4895d97ec0ad0dab0ee1fafddd99d6d8ddb9958729f16d6e4dd28760dca5ca779564384dc20a4497c9e5f2cfcb78943a62b0f1c05ca510801be1f94ceeabe30e5bf401138382647081c379821e63a6e4cd8c3755d62476e1d4794024465bf85e72c3e87cc9c9bc5cea41deb2f92369cfefc6b8680889d43cff31022983778d96597f1c0030fbcadd38621e0633cf2c8238c8d8db16fdf3e76eedc89ebba0bc843f664a9b6b636bef295af50afd7b9fffefb3f25a59c0d2381e177850310425c06fceb6c367bd917bff84563fc8dfdfbb633701c87f1f1711e79e4111e7ffc71262727dfb1fde1f2cb2f67d5ead52453293c37a8fb2f24a69c75acbe20748d6258f566cf3a6de2b014c7c8e8e7da918010f88230aa01d7b5d4881b52009b5c64effcfa3efd1e82c5b9fe8d64a5373d67a7e3fec4ced7993c68f1f7b1ffaa2300c771d8b973279b366d7adb1d805eafbefa2ae3e3e3dc70c30ddc70c30db4b6b6522e9717f413e8f3dbdedece3df7dc43b55ae517bff8c5178142481f9e79471d80106227f0af52a9d4d59ff9cc67f8c8473e8210c220fa8dcd3c5ab8e1e0c183dc7befbdecdfbfff6d9de3d7b8babbbbd9bb772f9ee7060abf6704ea2d1e072cdcc5968a1c961be7c6e808048619d99e4e056292e4d6a012dd932fc20ddb71dc584540bfc652b3fbce30205af6cf7ab6efadd321c7750141676727bb76ede299679e79c7aebff1f171fefeefff9e53a74ef1fef7bf9f8d1b37c6aa338dccc1aeae2eeeb9e71e0a8582fbab5ffdeacbc0a410e2ff544a55df110720845807fcb1e338b77ce2139fe0631ffb18a954ca74f23586fc1090329e78e2091e78e0014e9c38f18e67875bb76e65dbb66d469df75c4b7f4b02546f539ebc58b0a21a7a06ec7abfed10ec08a01133582cef3f2d394abdbd9ff56cdfdb7582cf9c4a26d9bd6737dddddde79d6372ba552e97f9d5af7ec5e8e82877de7927575d7595d940f524293b1a58b56a155ff9ca5728168bd9975f7ef9f78121e04fcf19007f0bc6df06fc11f0910f7ce003eea73ef52972b9dc02c964cde7574a313d3dcddffccddff09def7ce75d61fc8ee370c51557d2d6d68ee725e21afdc4956a6db18a45956cf5df20a6781b53c1b5546c50968a704ce586b83aae31e425d473b1a5b3f5ef622149c8113103d7cd3f41981f84c64689289c8917fcee6896aee1d72b153f07341c13d6676691fb8cd20f912a308dafc7622ac1f66bc5bf8ff8f920fe7e9667083ebf42b82e9b376e62dbb66def0a98f2e8d1a37cf39bdfe46ffff66f999a9a32b880561bd23c9972b9ccd6ad5bf9f297bfccaa55abda80ff4308f1d1b7d5010821d20442879fb9fefaeb939ffef4a7e9e8e88819bfddc1a794e2b5d75ee34ffff44f79f4d147999b9b7b579cf4fefe7e76eedc81102a14fab490ed06251e850a7801b261b3b11f6f4b56cb256a88e16324912c58eceda46d1dc42e7885dd0013cfa3550cb65026f3d052fcc20ae50363b7b313dde968cd2f5041934f44f20f538c459009d5783cd667960b022123f61d76235af2dff6736c00a5e101ca32f0c56a84ca3a5ff679d46dd1fa455ada5ad9b97307d96cf65d713d4e4f4ff38b5ffc82bff88bbfe0e8d1a34614c72e97eb7fefddbb972f7de94be472b92ee0df0a21ae7c5b5280b0a5f74bc03fddb66d5bd317bef005d6ae5d6bf4f81b413fd77579f4d147f9ce77bec3d4d4d4bbaa38b47edd7ad687620e9ee75a06b7484c69cb55a9330b3d4f1ffdab25febf30a75067080e2e750cc2321a0da5eb5cbf31946f14205d3cec7f9302bf7ab3d3a3163d0b6f7a4adfec7c9eae5353609c9bc66b52a9145bb76ca3b3b383e3c78bef8a6bb25aadf2c20b2f303b3bcb6ffcc66fb075eb56839da552a9586477f3cd37333939c9d7bef6b54dbeefff0721c4a7cf9628742e11c047813f1a1818c8fdeeeffe2e5bb66c3112c9b66067bd5e4708c1030f3cc037bef18d73367e2104e9749aaeae2e7a7b7b43a06e79d6a5975d4a5b7b074a11e8fc6387a1446129f19dd20e595910ead310c6130f7d6141c81b0f7b97189261a522b6f8e86261b22db029100b9866f11986c2540b4c7a80081d8751268d0ff6b0d31122614f65a522ca0ae31784e40b38f12ab64b2ff67962a9066ac16759faf1e14d4693848c4a92106cd8b8910d1b362edb3595cfe7e9ebeba3adadcdf45f9ced925272e4c811fefccfff9ce79f7f3e9473abc7c447b58d7df4a31fd57c9bab813f1642349db7084008b11bf8c3b6b6b6fedff88ddf60cf9e3de6a0ec1045cfb2fbc94f7ec28f7ef4a3731261c86432e4f379babbbbe9e8e82097cb71e4c891652b17767777b365cb1684138cad326879182e4b4b6a42e80b2ae87745091181ce52058579d9d8df4a4ccc23f8b70c1e1ad6a7ed9a7e240c1a4ec3b53801018f2038322914425acf01bbf3361aeb6d85e7da90f5456f8201dd6e6c8dec32c8bf209c6cec98f756e1e7144287d93a3588ce5b6078c23a1615b6518ba54b7552a04478565434ac5410bc9f32e727e203ab30b48972fcb03aa1f47727904a594e4ca15ba785e3802fc3069c56366fdec2e38f3d4ea5fad63b6f1d27201ab5b5b519bdcaf1f171b3499e8d13181c1ce41bdff806d56a954b2fbd34465dd68e2f9bcdf2894f7c8213274e384f3cf1c4af012f00ff9f65770042884ee07f4aa552577fe4231f1137df7c33d56a95f9f9f905e53e801ffce007dc7befbd67c5b76e6a6aa2bdbd9dbebe3e63f45a78717a7a9ad9d9d9652bd9ac5ab58ab5036b833e7811d162a3f1d4f6452616925262ca40a1d1868614497c8b5890ab458284f5181523c247641a639c44bdf4da3ab4b3d0c41fbbec17efc117d15832fdc368f6cb90a8143c5988a8873ed821ad198722783da18495720b84887274fdda318726a26822a2e6101735515a0321f8cc4a44c71ed75708ff1e131210e6b88d3b34114bc3f9359f2f8802f47ba65229366edc406b5bebb20c15d5036a7b7a7a58bb762d8542c10cad191e1e666c6c8cc9c9c93372064a29868787f9abbffa2bcae532975f7e39beefc754887579f0b39ffd2c478e1cc98c8c8cfc3321c4334aa98797cd0184821eff4808f15b575c710577dd7517a9548ac9c9c905fde6d56a956f7ffbdb3cf6d8636f2ad0298420994cd2d9d9497f7f3f3d3d3dc6e075e799ebba140a0575f8f061c6c7c797adcabc6edd3a7aba7bc2f0df69c8871b89e76a899f51a2ad1a927eb5545e6be10c4a2c640929e2efb39027afccbeaeb441a9858f89bdda128426fb98a5520d65f4f8675a0cab506ae105cb92e7412d52ae54b113a3710a89c5878c550b74c8d4f01c9b91a8ecf7520bc9571acc0c9dab52303030404747c7b238805aadc689132766bbbbbb136bd6ac4965b359914ea7457b7b3bbdbdbd94cb65a6a7a73975ea142323234c4d4dbda99d4c4d4df1977ff997cccfcf73f5d5572f487ba4945c72c9257ce94b5fe2dffdbb7fd7532e97ffa510e2f34aa9936fd9018860c0fbb542882faf5f1f0d5b9898985840f0999f9fe7bbdffd2e4f3cf1c46939d68ee390cbe5e8efefa7bfbf9fcece4ed384a31dc3fcfcbc1a1919f1272626ea636363c7c7c6c6a6eaf5fa0ee02d8f57721c872d5bb604a52e454cd5f66d5deaad3f79b98e582c6698e770a0ea7c9f1af556df38c4012c95a2cece2e0606063870e0c0b25c03636363af3efae8a3dfdbbd7bb7c866b3d76732992bdadadada1289849348249ca6a6263a3b3b2997cb9c3a758aa1a121464646627d018bf105bef39def50a954b8fefaeb4d9aa06f7373735c75d555dc7cf3cdcebdf7de7b9d52ea0b214948bed508a017f89de6e6e6d577dc71079b366d627272d2e4feba9967747494bffbbbbfe3f9e79f5f72b7f73c8fd6d656d6ac59437f7f3fadadad4657def77d0a85821a1d1dad0e0e0ece8c8f8fbf3c3131f1f7c0734011b812f85f96c301f4f7f7b36af52a23986987fb71992e73f00bc26edb746ca150a10761d85b524c062cf847acb57509aebbb0426da516e86436fc234a344428b92594dd1b10a632962198e8d9fadc51086f431ad10931526856ea222c892ffb9cd0d00ba1c273231a2aa48d471f450e2276ac58526ac20227178a898a58a420629a6511b1499fa3a66c86f5ebd793cd66974b6ece9f9b9b7be597bffce5f701d2e9f4e66ddbb6edcbe7f31f6e6f6fbfb4b9b9b92b9d4e27d2e9b4686e6e66ddba758c8d8d71f2e449060707971c6e53abd5f8ee77bf4bb15864dfbe7de4f3f918609acfe7f9d0873ec4b3cf3e9b1a1d1dfdc7c0a3c083e7ec0042f9eebb1cc7f9e48e1d3bb8f1c61bcd9c749bdd373434c477bef31df6efdfbfa4e1b7b5b5b16edd3afafbfb69696931f5d870b8477d686868e6d4a953af8d8c8cfc14780078514b210921762ce7c6dbdbdb4b5f6f9fb9d0827a370be87c6ad1b0b9a1dc2594c6c816a6118d152a65f30ae269c1623b990e85ed48390205972ac145c61841738d65c086f755314c70918a9e3dc5279af423ecca4863fa600849f631ab25a911b1635fac5cd870ac4a2d4c13a2df25f60ba9d8f187254d8b33904aa759bb762db95ceebce84d96cbe583c04121c47fe9ececbc6ccd9a359fecececfc604b4bcbfaa6a6a64c2e977333990cbdbdbd4c4c4c70fcf8714e9c38b1a423b8f7de7ba9542adc71c71db4b6b69a6b6e6666868181013ef4a10ff1177ff117edbeef7f4e08f1a852aa76ae11c01ae09e8e8e0e3efce10fd3d6d6c6d8d898c9f7a5941c3a7488ef7ffffbbcf1c6c216e5442241474707ebd6ad63f5ead5e4f37983b687a048e1c48913278786867e5e2a957e043ca2945a8c2524813a11afe42dadbede3e7a7a7a4d1554d8e3ab54c356a87773a577211113f6141a38b3003243be319d7fb15e39eb67f098687bb3a204ac7c9760f73660bd39c6f0e8b458a63e36eb2c1974dde0017ac76ee830b4c04fe3c80c05d08e54ec88227208faf30ba1ac9d5c9aee4029b4e0a715b58415047ba757d23e7ff1e8c418bd05cc2a2ba2d0919a30e1885af86286d014552d8480d56bd6d0d2d2b22c3800e087b7468c44024f034f0b21fecd860d1beeece9e9f96c5757d7e5adadad6d4d4d4d5e2693a1a7a7870d1b3670ecd8314e9c38c1fcfcfc0247f0e0830f52a954f8d0873e446b6bab11d3114270f5d557f3e4934f265e79e5950f01d70b211e5a2a15f04eb3fb7bc0fb3dcfdbbb77ef5eb66ddb66427f3d11e5f0e1c37ceb5bdf5ac0a5f63c8ff6f676d6ae5dcbc0c0002d2d2d2412096ab51ab3b3b31c3f7e7ce6c48913af9c3a75ea5bc07d4aa9fd677042aba11378cb6bcdda35a452c1886f6913f96cd64c2ca655b15d542c4a4053563a1107d9e2009a5a08d3d95ba8b2826ec5420ec202a070e17c425b5dc74e03cca3050b3a1215f1503af2491672af16c3121b3ecf22f3fd169f896819b2fdc2a2e1732e1695a9c5ce47e8a4c1aa7c0816e64ef18a878e523a3b3a966d9028500b6fa743f8c781bf12427cbbbfbfffc6fefefecff7f4f4dcded9d9d9994aa5dc55ab56d1d9d9c9dab56b3972e408a74e9d626e6e2e86113cfef8e32493496ebffd769a9b9b4d2aa0f52d5e7ffdf5b67abdfe71e03560f06c238056e013adadad5c79e595082128140a06f03b79f2243ffad18f62c62f8440e734ebd6ada3a3a383542a45b55a657a7a9a13274ecc1c3f7e7cffc99327ff1bf0d3334129ad08a0b698573ddb954c26e9eded8de4a4434eac29032a2d2f2dc37c51c5faca95b5db1a249fa8fc15f002a21d0e11e101228204ac7f080bdc56e6f5542cfcb7f3faa89467e7eba29147101abe39563b8796d14e1a6dad22dc7d35b9484f2856482b0a30bb6eac661fbd47e444c3e79bcf681d87ded425265c319fd3daade35200da2986f8820d84a8f028854086ff0ede377c059309c90697a7791d90cd64e9efef378d52cbe000ce68b30a65bfef17423c90cfe7efd8b265cb177a7a7a6ee9ececec4a2693cedab56be9ecec64f5ead51c3e7c98a1a1a19846e6430f3d442a95e2e69b6f269bcd9a06a21d3b76d0dfdf9f3c7efcf895c0a5e7e2003602bbd7af5fcfa64d9bcce45dc771181c1ce4873ffc614cc0239bcdb27af56a366fde4c4f4f8f9987363b3bcbb163c7e68e1d3bf6fcc99327bf1e1afed90a19d481d29b79d533cdffdbdada43a02a24c740ac894798d05646bc733b2108c9260bb6a9c62a58f04013166bbebd5496debf9572042948d8abdfb0cbaae8e54cda115ebfc681814d2ad2f57b426d433b540f53004d62b2dfcc72804206fc26c329d078476ca78e780526885011234911d5e9b5835411cdc73a69e1f9d6217bf87aaaa14ea1cc7712a521269a90517a62ceb1889ca15080e318af695cb3042fe9d1d7d7475353d372f4aa54c2db99573d8213f853e0a7adadad776cdab4e98b7d7d7db776757575e77239366fde4c5f5f1f274e9ce0e0c1830c0f0f1b00fefefbef27994c72e38d371a5c2d954ab179f366a6a7a7fb6667672f077e7cb60e6017d0a2071f160a05a3d67befbdf772e0c00120e81befeeee66dbb66dac5bb7cec81fcfcdcd71ead4a9cad1a3475f3a7efcf8ffa8d56adf554a9d6b0b603dac04bc251690ebba747474d0d1d11e5c4a56be69a34cca82e0ecab508a78346967af52c51b6fec105d5a9b5134d0238a1e742a221609f5c52290988a95eb84157510ffdd8c0a8f221a2554fc71b2311a91281997ead1ced156d7091c8fd57d186ee6faf563e761d1f26223b2a98f4b5a39481ca3902638b0d980a2e1738762ae1af99091b3520a1ca9a2f31d9eba206d4dd0dddd4d369b7dab0e40869bd539d30aa7a7a7ef1342fc72d5aa551f5ab366cd6ff5f5f55dd7d9d9d992cfe7d9b163077d7d7d1c3c789043870e31353585528afbefbf9f4c26c3d5575f6dcef5aa55ab3879f264cbececec86730101d7035e4f4f8f69479c9999e1a73ffd29cf3df71c00cdcdcd6cdfbe9dcd9b37d3d1d181e338cccdcd71f2e4498e1e3dfaeaa953a7be313f3fff2da5d4ab6fd1a32e4b042084a0adad8df6f6761ce15a9d73e2cceadf6fd207a44e2322aa9684bf4fdfdaa31ab5b3167886a590f0867f3796cb16f728b10faa1aa3652bbf178df97c437e7e46a579d550038c999122ae3e66c9a52da5d4d4001a347e6c3d57312ad562c05481a0bbbb9b4c26b31c14860af096842d955245e05b42889faf5fbffeeefefefe2ff4f5f55dded9d999edeeeea6adad8db56bd7f2f2cb2f73e4c8112a950a3ffef18f4924125c75d555f8beaf9bf11c20712e0e40e99d5f8377f7df7fbfd1535fb3660d7bf7ee65fdfaf5388e43a552e1e4c9931c3972e4d0e0e0e0f7262727ff16786699e69be908e02d91b553a914bdbdbdc1c826a1cc6eac94b49a591612641aaafea865a1bb2cae3c2416b10b830508717a2ff366afa9dee4d81779ba6069d55eb5f45bc68f55bc398127c68710714074a1c75884bcb098fc3871b04f5705820841a19413a553405777172d2d2d6ff58bd511c0b228db2aa526803f1342dcb76ddbb6bbbabbbb3fd3dfdf7f5967676772cd9a356886e173cf3dc7ecec2c3ff9c94f482412ac5ab58a23478e303232320bbc712e0ee020503c74e850b6a3a383e79f7f9e279f7c1229253b77eee4aaabaea2a5a5855aadc6f1e3c7397af4e8e8e0e0e04f464747ff1c786299679a5580e9f0c49ef3eaeaeaa6bfbf1fd773412a13b2ab7067884a5fd6ae87cecbf5c62469640a45d79f4d9b89e6f9aa051768107bdb2983cdb1379c779dbf6ae250ecf8ac7731a41fd9e0a4c2d7225edad3609a8dc60b45942298caa4087a9c50167e1616f862d512a2d9899a876f1b9eb2fd815ad4bb684cc26a798837381840b1213469e061103aba58cd3fecf1900620d5e75b46df21906b0ad8a92fbcf0c25b750073c0b28ef30ad3e7ff2484b877d7ae5d9fe8eeeefe544f4fcfaeeeeeeec4a5975e4a7b7b3b8f3df618232323fce8473f62ddba75bcf1c61b4c4f4f3f073c762e0ee057c0732fbef8e2fb0607073975ea14c96492abafbe9a5dbb76a194e2d0a1431c3d7a74787474f4fed1d1d16f004f2aa5ce47d37f19980226c2137c4e4226dddd5de4f379cbe04203936a411540d804194b6042d8149d0543436cb90e8d5a4b13c22b3b87b5ca7c762d1f838e1bc42fce6b51f1e1972a06a9833d9e431b62944f879fb7e1f1814089b0aa0ebabb51c6d879e668636c1d190bcd4d0355032948b18812f222a1bc223e39355ee1087902c6b1690e80880b868885a3dc158dbd01c44abb2a540deeecec7cabd76a09180366ce831da0943a2884f8571d1d1ddfebebebfb704f4fcfc77a7b7bb7f7f6f6b6dd79e79d3cf1c4131c3a74888989891af038f05fced5011c06fefdcccc8c9c9999b91cc86edbb68db6b6360e1f3e5c1c1c1c3c383636f6e8e8e8e8df11b0f6ce9bbcaa52aa2e8498034e85d1c039256a1d1d1de49a9b03ff1192528cb92ca8a92f719d2e62ec9c3eba6da8d9b3b4a2afdd00a496c8d3977857b5449cbe8067b0e4348e056c01ebd0179db6715aac64b1033cab8e82d36009aaf17c2ef1fe6a9193adc22a8cb248489a8be0ba2e6d6d6d6ff5729d21d0e92b9d477b50c0ab428883d3d3d3df1f1d1dbdb9a7a7e7b69e9e9e8d975c72491a9878fdf5d75f027e043ca8942a9fb503504a5585103f0977dff703eb5f7df555f7d5575f9d01f6030f01cf29a566797b560518098fe79c1c405b5b1bcd4d4d388e6868eeb3f5e6ce3d8f1736b1e5acc485cf603ed819bdde4204a19143bf148ef1662fbfe0394b8efd12d010be8b45cc34d663709ab3111f1f7e9a838cf7192f8ed89a14c0d6158cde69991cc03430a1de86ce32a5941fa6ea07c39dfeac97770648e48fc2db3bbd6498029c33b6d0d6d646532ed7c0f11728251b38fc62c15e2894952c5a757161ef70210f37a0db2efe6a3a848e0de4d0fc57538dd3c8bfc5e597447930564ad1502813a6b617a6033afcb6227e1965c326d591067250561352a46c2e913122cfc25aa88a987786d62c10e6dde23b7450698c5229a3db6122a030d91244c4264dc7b61ea98951c2aeda6a2cc1764442f33a04aa91e813f60fb8ae436b6beb395798c2a6b6b9f315fe9f8fe5bd570e5429258510c340f1b4b2d4a7592d2d2d64b3d9180b500152368e6c568b87e88da1b35a24e06ea0a99ef6d562217f63e3cbe29d396ab19422160c2f5ee7530b3200b5d8c789bd47637bbf5a42776f91176f08fbd5a2f33c54c373d4a2713c8b681b2cd43458b48969d172a1422e11ed398e4b73f3b9359b86835494effbd36114b0e200cec33a158281e7b49a9bf364329970270bc9205a2f4eaa88402254ac21c70058f1ad8af8402c16b4fa448d3258ac5511f1d5b11b8530cd3222061a5a0d459ad1261a1a8ab024bb85750c062f8c6adf1173cf92d18a45cf56334f4c9e8b58513dfa1c2c180566b703611d83a94068c52211b54c9b71691675d89079cc4395698a8af31a8469cc5a6c1c9932af139e3329e320a335b6ed5c1c80eb0643657cdfaf11506ec7571cc0f959c3c031c771f6b8aeeb9dad3c582ed7442a958ee57f2a648e49224e406cd4b58aa3e3ca42d335b66c826e61e59522482d0cd55e45462e75b92c0c4911d218869296b6bd96cc8a1d5318fd88480bcf8e669494d1ae6bea75918690317eab455e5a642325ad6327ce1dd0594934f750c52b84c445489555426cecb10ac2776580399434546964d81361539e9555eab432a440424c622b840b4b1e4c3b1589ee029446b7d0720d86029dcbe5cefaa24ca5526432198ac5e22c7014985d7100e767cd01478510b56432e9e9aec4335dd96c16d77516849ad26f20023576e19d06a15e1450a751ee2ae2a5a91839a53195500d243f9bcabb30648e408325d48c541c125776ecb1205551e6316211fd83c636fba5e4d1156ad14a815ae4981af516543cdf58241b6828392e5a5d500bd39a86efc4f7250b9393e0c167ab3aedba2e2d2d2d4829a9d56ad3c071968904b4e20016ae3270444a594a2412995c2e7756bc6d3dfa3bdaf0a21d556a62d079076fd59bc0d96739fff24cfebec8034ff7ee6a59deebad9d9df3720026d2500bb4187497612299382be02f97cbd1d6d6c6d0d010b55a6d1c38b54cecd71507b0c8aa000795521352caf6d6d656e6e7e7cfd86853a99485624b13b44ae9071781d5a966e7f016a41caba735ca79d9252b239dd550d0b2957c8981d4c2da55177b9ead286ce3080d358bd3d6f3b41c995dd25ba42067897688467152734ae28ac3119d90989cdac24aa1b05aa8e3d26551155134a80ca905d2647166154b5081b1988a51b423a5344aeec26a72520a92de993b00cff3e8eeee06a0582cfac031e0c47bc9a09cf7d2c186b5d5a34aa943d56ad5c8889fe94a788948561b90617e2f436555b9c84c39a33aab64d83bd030ff4f360e07097e97aa91dc23cd508bf8400f62832c426272347724ccfff57ba950ea4b5af302a50a906d890a478bd1c06b50268637ac473bfc6e08a7950a5e2738bef0bce8dab96c98c12731dd9301c53eeaa594f6cc421a067fc8f0334a657d1f216420a3cfa68f4fea14409f332923d2965c30372cb84fea03d4c8bf0c3e4ff85ca1d482aa873cc300c3711cdadbdb696d6da5542a51abd5e68003045c95f7cc7aaf45000093c0a16ab5ea2ba5dcbebe3ee6e7e7cf4867dd5944fe5b2990be6f6acc32a4cfca06d43bd616ab093fc63815d65c4eeb2ab227e344d45a2cc761f8fe3a6a8cf5b804525a6860cf6a1a305382b43ebe8aa4c2e373fa164aead8ea3d663395d131c61d4250cb6f943d508b9c1bbba469897219c05059205e6c188a8d0ba818b4b190702822c769bea7f0fb1026aab35e4b45118440e04b651c801d4108c559a580d96c2020924824b448ce4c080096de4bc6e4bc071dc02cf0aa94b2303b3b4b2e97a3bbbbfb8c4630398eb368862b755ed8b023443b6cbc36afec41146aa10458b47b2d6c916d50fa083739b9c81c02151f23c6c29dddbcacd21181449d66a6e082a99d0d518c46e217ce16b2c69d59933a63e761b173010dc34b1bda8ded316b4b66fbf1fabf920b81554c24d1e854e21f5d5a23d3a2a9a5d6319ea11290e705e221b95c4e0fc7516185ea50c8ce5b8900ce631a501142bc0c1c29168b7b2050f9999f9f7fd3f98352ca06145a98dd5829c5c23da751d76ef12ac0223d26bc39ff7f91ae8237e5d7abd382616a4912d2699eb780eda34e0f152e31c86429e4fd4c9f7f264f5afab18d035096eed350328cf8f41560898bdab4e5d3017f9d9d9d7477779b36f852a954055e21e89f61c5019cff755229f57ab95cde532e97696d6da5bfbfdf68162eb57cdf0f6bf52a0c7ea20b454a89eb8a88504303b0b7200ea5818e6b5f25bacebc90062c2cf289ddc8e6b0d48c5cb19840c09218df9228608c546fa500c2fab785e32d00f64eeb948545205afcac9dc6a488953f35ffe18c9fbfd80911f1884b8f4b1341b4e76b22d022a5d037cb009a9a9a58b3668d26fe502a95a856ab3aff9f5e71006fcf1a019eabd56a1f9e9999c9b4b7b7d3d1d141a150e0f8f1e34b8a3ad66ab530dc8db4b3f5f55daffb9132d069f7d986707ec9cdfd349d6c0b37c2d3e89d9f81e2cf9251c2d23baf15512d1ac99cd976bed070ce7e5ed1627c8ab32df5bdb99293064ceaf57a5406b4d29a337139aeebb276ed5aa3c55fabd5989e9e5621f2ffc2e9baee561cc0f2ae6278c28fcfcccc6cd5b3d357ad5a45b15864747474d127552a15a494860b6057f5a4f4915204d3704fbbc39ef68e058f17eacd4a732c296a73f66bf9f48aceee5d4f77ec67625a22aedba596f50062ce57abe62a29436109150bfce512650021841965a77b51aad52ab3b3b375e055e0f5f7a221bd1741405d0e3ca8947ab55028502a95705d975c2ec7c0c0c09274ce4ab91ca1ed666456d875a62274d806ba2284c81e451d09872aa59690fa0b8026196eef76c96f012028351d9745b18646369b5d568b7e06a546b9089abe20bcb54b942aae881c7d4e624d3631f1918648432e1265d8e8893d34343a666225525376518b6fe0764352231310c9024036769c7ae8a82f8d0358080e06abbac488f0d6d656d6af5f4f32993480f2dcdc1cd56a751e78894003e03db7deab1100e1097fb656abdd3e393999edececc4f77ddadbdb191818e0b5d75e33b2c9266c289790bec47534379c480b404aa474a391d7d8537a644cd3df2e36459cfef86e14b50a584d41610392e1ab9b7e2315f1e4a53d69484672d90d9b9db25a99834aa1bdfbc767f29a129f882a1d5888b9588456ab4b6cd1cff0b5acc945c292eeb62a9d917159a3b903845df755d8829d2272ba0da5c55864231452c6f18a4862bc61208a6c3c9ea021cb977ed4fa2d404865daa0f5f7542e2f7400c108f18d66f886e779d46a3546464674f8fffc324be0ad440067b04ac05352caa3e3e3e35a01954422c1ead5ab59b56ad582d2e0fc7c8172a51295e92d3028d8a1fda024a85b46a5b19ef03a5266b788764d19638f44c4202b42d0a2a332da26a56a8812825a96315069135b54b4f3696e8bbdbd6b129134241c653e5e546a93019f4097d12c42908c3915c3ef894719dad46458b6942a24fb10274cc5ce8b357129bc5f13848cf258e3ae2f1ba39ee068a4d4e7332404c5803ceb7dad7367989d4ae14b3d4a3b7cf5f0bc8bb01c2ac30f57282e94f2dbb871233d3d3da6e7df711c0a850253535335e0e5f0f69e5cefd9084029e587e5c0670b85c2f6a9a929b166cd1a2a950a994c86cd9b3753a954181e8e6690cccfcd512e97c9669b2262ae70cc208da01f408b855a3b6f6c8cada60c471cf2c6e99aca0a0762a09fa5f32794088c5944033862adb3aa819aab9d875824d425fa9b16c39022dadd658c5d241b9e1b07c0540389c72636d9538ab5e10a11d7de374c5da5a54088770c5a134d6242a87aa24f0c50540b004965898dd84cc168149834d187080956b114c79ac128a4b24f3a4ac0fc5cdc010c0c0cb07efd7a3c2f3215c771181919414a3949a0bb37f85eb5a3f772040041dff5a3b55a6d726464c484677a54f2d6ad5b63124fb3b3b3140a85300c0cf342298d1680d60588515dd1536f649c22bcc80e8d8a0b8b48a5688413b4359857d1c6ac773e9b266c25c04ad914e478be1ee5f836c186d871594c1e6bb78fa4b122128db276ed781bb48c6119588f254665563649288637a885c608565a22ad598d160e118b421a9fa32c8c40c5095bc43faff4fd20155176b4107d2dbeef333b1b3597f5f4f4b07dfb7632990c8ee3e0ba2eaeebea8dc5070e01bf7aaf917f2e140c0082e6a0679552fb2727276f9c9d9da5abab8b4aa5821082aeae2e366fdecc8b2fbe188e21d70e40211c5b9a2bd8fd5d27b878a58a0360c28cb996569b5024c26d947b890fe83105262baf1544bb6594ff121f538395a39ab97c0d0c40ece196118d58630351a30d71929315cd68556c25a29e7d2df76d8f3934298a5066b8060dd1010dd2e87654a4558e95393122a2f1c6868a44b25dba5b270a70a44511b046a0db126d16786346a3ebef267424d2725636622200bfee333b1ba879e57239b66fdf4e3e9f8f6d2c894482a3478f522c160b04937e5f7f2f1bd07b3a0208db2edf001e2a168ba553a74e2184209148987c6d6060802d5bb6e0791e53539366c4193a97b4760d19e6d18d5500dd7cd3982763534b6d10bb11c5578d88b68a73f20d1e118bc5a3869f38c33f8eb62bb928f21db16c179bf6d3c05294b18ca0e130e2d4df5811452dc6196cd418c06005347c1ed452238c62fce180ea4c8435e808c3c643e2119bf53a12138dc5e608da258cb012e0fb3ed3d3d324934976eedc494f4f8fc9f91dc721914850a9543876ec98524a1d077ec17b48ffef428c002090087b444af9a1f1f1f1cbe6e6e6686f6fa75c2e2344a0f5be6ddb36cae532535353cccec6472c4722194ed008a4413cd1c8cd538bb2806900c99692f35e9ce5b748e9b0e14f8dcd298bf379d4a2cadf0dfb6bc34e7d0652de8bbe9e5ad8b7b0c84b2c2653bee823957ab3375cfc3cdbff5a729c78bcdc1ad77e8c045a440866d46a35a6a6a6d8b163071b366cc075dd18a92c914870ead429a6a6a6cac053c0d36f87faef8a03787330f035e0d1e9e9e95dc3c3c389aeae2e12894490df2b453a9d66cf9e3d8c8e8e522c16e202a04a215d70c28e3b0938c28dd5b3e2cabb11a01623dd98d1378bd1501bee8eb7ce47ca7efaf142c446562dc2e28d00b830968fe6dd892525bb85a548b41869b7f170e310a17e434bd1383691c77a760325d9a8172c755caa61929206231dab63d13c5e9f2bb1c81fe3af19cd3d5548e95bedc8c4ba10ed96ec542ac5b66ddb48269311698c8005e8fb3e478f1e5552ca11e041820620561cc03bbf86809fd5ebf55b4e9e3c7989a66b56abd5601cb79434373793cd6629954af8bec44b8428b113e4da4a04372915bef011c20d2b024eb0739809bbf1b159f6a829233d2122b96a53e00f5169f4686e22f92d29a256d6c0275922964284936c5530b557a3f11a1b08137929ad397952c55888913a76a89f27e2a50423ff8dc6248431342d596ea60935ea71c868949908e9d57a7a8f49e575a3b22d4c6a4508918c7f849708a1503ee1f0637b069b3072e2da7845a3a8aa0c1a989d5064452a0d60fa260ad006af5bbb85805aad4a4b4b0bf57a1ddff78df1dbbbffe0e0601d7812f8e57b49f9e742ad02e828a0063c0f3c3c393959d55840329934e8adeffba45229f2f93cb55a3504904202900aaa0052063b45c018f3c37f5bbde34a58c0bf8598c732d8b8c086b05169616902c68046655e3e2610c24234dedeb162832f63462d2283d2a3c0acf7130d2db8da39a868eeef02d4be113708f4102c0e80a96858cac016d0a64b6da2b12d184b2c54101bdaa1df47880680c59c2311dfc911316c458661bffd7d8607d020a918bc9fdd0fa2117fcd2df17d9fc3870f53afd78780fb08d47f588900de3d6b10f869b55abde1c89123bbd6ae5d4b7b7b7b03ed53914878d4aa353307d016a6907e1dc775f1a5c409774647b834ccc23e3be7b430d13fc3079f95035ce285d459bc8d3acb83506771bf5abc5dfa8ccecdc20e3db5d831abc57115e507dd7f5115c0523b8af56a482ad58a219445995d3031281c805b2798b3f7d07bb9f477c14500a111d44360e681898989d2f1e3c78d27d728ae108262b144bd5e8ba4b543929cbeca7c29435ab08fef2b7c290d96a06ccaac550168acdddb8f23b63b46db8e6a30dec5f805aaa164d5a8a0a3626a3a7156a0893262d45b2b07c696256b14f7b0eaf7c4390231a33451828ad5ededd042c5d0fbc6bcdb96528b9fd3d83951760f40431f04f667c592649348df0fe8bfe14d86b9808ac73a2802a66061be60427f7d735d975aadc6810307504a9d047ec869c66daf388077768d023ff57dffa543870ea9c9c94952a99409e58c8043b96cb4e6f5e56d4a8032d8317c3fd08f0b2e1c1952846583f12eb22f3528faa805e1fb2204175bff4ac58932f6e8701ad3009bc863536eadeeb6852542acdcb9b13538725ac2563f6a2010452177e320538be81353348a97f822d36da87a08bb89a9f17c36a6248dadd59686a194a6f1479a144fc55881b683d1dda0e572d0cdeb791e9ee7e1ba2ee9749a37de788393274ffa21f0f7cbf73af27fa1a6007a7cd893c04f272626b61e3c78b0a5b3b3d3903820607b95cb65949408c7b56776079d628e138f064254de510284832344a4e81b9b5ca3628da5f6b08e089cd60d3c71428bb091791547d5656c344ea4e86b66e4e9a93ab199812a9a28a40778604df2893532c5454a1086ab63804844c3941f2c496d3d4fd03a1f0bd213fbd8adf97eaa61f8784cd7d37a7fa3c168cd4634545f6c9e9534fd1636a353eaa123baf34f5863dac3d7a8fb3ec56231d62d984824989f9fe7c5175f44297518f87e58ffbf60d6851601a0949a067e0a3c7de8d021393c3c4c229188a502c1171d07d81ac7460564a1900024551011f83ebeafc1c108493628b83d6558c4c3f105145b7495c02206a9b01aa14b664299929b46ca945066a754d6908f2840b08d5f998e3c61763bab0350454337ed505e680762bdb79ddee84e46655e5f2ca02d47e7c68e6ca28a83c66084ad14ac1ade5fa9f8f0b4f073192971fd3e42215508deaae03b0ad48ca5a1788bb0595a087d20a14869d8fb51ab54a854aa265af43c8f6432c98b2fbec8c4c4442904fe1ebfd0ecc5e3c25ccf03df9b9f9fdff2e28b2faee9eeeea6b9b9d9b407974a252a9532d94c2628c161d34214beaf701c07e9874ac142995d415863a6e202162a62d5699aad20969fea12a0b0ad5688f86c3cbd2b0add37644fe4b5eaf1fabdd0d505cc245e5346331589f0b5adc93e118f402d9cbfa7e3711995ee8415a39bcf6f8e415383c349c046059890d310961ec3ba5e1455c4baacb089124a44f1842e29da7308cdf7a5a2766ccd8a544ae1ab90b62d756764582e45c4d07f64f0fd164a457cbf6e4a7f994c8637de7883575e794529a59e05bead941ab9d00cc5b910ad5f295502ee05ee7fe38d37ca070f1e34544ed775a956ab944aa568d094559ad2979d2effc9504b1e15e0025249fc3012f03536a088816e46584459b300ec211aa2a15f3f0621888806ac887631b5b011467317ec7c3e1a08aacf856df1e12cc306e5e285d3bc6c57d4006f58c3456d70d1ced78df183e9bf37330bc33e03614aa1c2a2f75ac98f8ae30141c425cd79316dd33acf977e20f9edfb21688bf9eea4b2f41454549e3518822f29154b86f893c964a8542afcea57bf627e7e7e0cf876b8a95c70eb428d00205068fd3ba5d4a52fbcf0c2a56bd7aea5bfbf9f5aad46b95ca6542ad1a66bc9c26a46576201422f1046765b2ac7ca4d554884910b65c9d502f53fa3a52f7d43aa5b3843c072026a9111d90a42824bb89debd75491bca688a9014533ff68983318a90788864a5c5cf3207aad7087271ef94447163626590cc19846885a5a23918663d6ce592d600d07c7202d1e845ac09bc0441a62014c6b570f824f5ff76b140a05eaf5baa9fb3ff3cc331c3f7e5c29a51e04fe5e293573211a8973a15a7fc8d27a14f8dec4c4c4d8134f3c41a95422994ca2940a9a82b43a86be98e442acda68ceeb8bcd0f89254a52f77d7cbf6e76a018bd3896d746c220ca576647d3af2b35d6a0ec693cca9a78136afe87c723ade735d2901ad57ee23e486901aec58d10bbfd892525cae215104b7cc36a4cb20d399a04d4704e64f43995fd5349ebdc44e7479fd77a88f0fbe14d5aa55a1d3529e95b42254b0d2b087eaf54ab148b45841064b3594e9c38c133cf3c43bd5e7f05f8e68554f6bb9822009452d342886f013b0f1e3cf8f1cd9b377b7bf6ecc1755d8ac522f56a1d37958ae5bdc29ac8abc0d07a753ea9940447404803518e40fa12c71108fc10a177e200584cf43392a78e6000bd5d8ad8786b2140f8229eb75b5c7f4590bf2a09c211b11a7b34f61b238c119105edb987221625685c40472b4a8f5253c21218095ecb972a9ebd87edbc92a897c1d07fa58acd36b4f76361eddc8e1321fbd242088263720ce01726f4e004c7269542f812e528044e74ce62fe4b5934e6f0fd94a25c2a53a95448a7d3542a159e7efa69262626a681bf2120fdd4561cc07b77bd067cd3f7fdad8f3df6d89ef6f676d6ae5d4bb95ca65ca9904826cd45af2f12071ae604c67b7d84af0227a002e397049a7c66cc5418c00a270418a55a74be806a74008d4b88e06d6484363a4284ef10fc6eba887dcbd384e0a1c1e96cc760aa0f61306ff2e3b0c2a02b0356c41168196a83098d3154c68d19b341fea5854584c546b9b85a71e4286d85a5050f32925d28190aff68cd04614a861211aabd2ba4e9f1c080adc22e3d8607e32b4cf90fe0a9a79ee2b5d75e534aa95f8465bf890bd9382e7807107203ee07d64f4c4c743ef2c823abeebaeb2ef2f93c85c2bc117aa461570a6c43a2948f236434b9d2af2265158430432c1d2789af5c84e32284131a7f02e5db756fbdfb4723c94d338e230cfa6d8fc9104ed0961c74c639c6109c905fa08463420b470823ec116dc62a36f8037be6b1cdfc6b9021130d9390b454b6007cab652800f07c2393adc148292d4684f2438395a6e7c00a6742e7284cb93240e1edc823001283c84082f4ad7e813aa84ae8189d80dbe17a08271d8889081164b9ca015c7487b75011fb41fa3ec562814422c1abafbeca534f3d45a552791ef8f370f360c501bcf79dc09c10e23bc08e23478efcfad34f3fdd74db6db7313f3f4fbd5ec3f3bcb0eb4e4fe9a8a26a83a8da04f87348bf849445945f41f92550358b1aac80e0a25322096e16441a279107b70d91ec01276b817716e6a86dc1b741b3704e900007071f3fecbaf30d114967fe0e7e10ee1ad04c34226661e8efc40661eadd537719c6507fed43c24e47b9604867a4122c950c0d3e7877a94b6f46623d4abca592b1b98a115047f899422a8ff443b14e1d4d38501da25e1f47fab3502f802a236405a52a202b68ff29c2a84cb819849342781984c8809743b86df8891e44b22dfcb441aa522e17f1a5646a6a8ac71f7f9c999999a130f47f5829555d710017ce3a06fc85526acdaf7ef5ab5b3b3a3a9c1b6fbc914a658e843f87533b84a88da2aac3c8ca28b2368a941594ac8665c03abef2032eb9dd98663672077090b8808bc4c311491caf0391ec4624da11896e447a1d22bd26b8302d3a7234b8d404b3b86e208fe538818168ea81e338410412b6e01aa61c9a7c60830f91c13b9a3967da6a2dfaaf8864c40ca847d4ea1bd3333094da880ca4531d53b2547a5cb9ae7c045c00256de1b0a86e1fb41cd711d54954f920aa3682aa8da1aae3c8da18521610d4c3f42af8299001594a181985f0a783701c046ed0cce524102289e3e511e97e54a20b27d1834af6532eb6303d35cd430f3dc4d1a3474bc07780ef858432561cc08513052821c4e3c0d7f2994af7fce04f7767e7de10cd534992ce18b23e8d5455a45fc3a58e005c27d4c80bf368c7a406582299e126ee07f7b932240129f0eba06a43c88203c243aa04ae9bc3497623129d88ec36c86c81c4aac0408530401c0a7c2768f315e1cd718208c0977e7091030207c70d0cd50143db5522880d240aa11c902a0834345828ac72a1d1255011b829545c8b50cb6dcb86e124047574a524bed5eebb6815848848652612cb02aa7c1c8a2f202ba7a0368a5f1d4752c715b520e91081388800747366e803a3fbc38e6811060de6f7d02938007210a7f03a8eeb01491c3743bb6ca5a338cfe6d651c916f9cb6343fc8ff199f7de90cf735de202ea6b38ed7af92f454efa5c55aaf1e1b1693e944cb13193166e2211d4f17d9de2c780b3e002d7f89a967fd086af0852521d71d7adaa62c8248eddb4947d30e0c20391c2715b2139806ada8368da86723b838a422866e10a17c711e00463cb1c47201c27087b85836bae7c701d27ac4010562522bab188a87f612ae0985ddd906d45f8e1ac9c5ca7461a37b04b6bd2f7c34824286ffacab770038b8ce34bcb7984cea07a04a7f81cb2f02aa23e82efcf23441d071fdc0063c5099c7008abc48d3e3825e179881c80634923c41ea3ff1d0299e8df43e75dab511730944bf294e3709f523c72d997d42b2b0ee03dbef6ff85d822051f578a3b71d886a0d587144e48727388c943c7a4a24347a0853a42325af43869cddc58c4f0f5e3f5ec10e9870ec0b75eaf0628179c14883c647722735720d3db71dde0ca775c0781c0715cdcd00110a602bacdd9715c1c27d02f3025ae3072d00e223e7e4f986c4118c04d87e251e21f4c1d92b1997951cd3deab2d3c21b9ac3e0fbbe71a0d2f7037ca53e8d283c8353780a6ac328398fa28eeb4863f4c209777927304ee144f7394b3801d1e80088d8d2fadf8e1509e824291e1d04824702ea42514232043ce60abeab14f7eefaadf7e6e49f8bd601bcfc176287804f4bc1ddc261032e6925c22a5a781548dde9e7b68097c34bafc5cb5d8297dd4622bd1e91ec43b8f9484f0ef06b05eae553544bc728175ea332f702d5e249fcfa3cf5da0c4a822f2d43d7ff96b1013d8193f0a3493fd2d7d18407228bca6cc7cfbd0f95b9243072048ee786177ce80c5cd79a5623ccfdc185ef046548ed04ec72a32ddf27e22a3a26acb7777d298d63d0e5329b7c63ab27f975df0ce19432a04de3cfe0151e4714feffec7d6bb0645775deb7f63ea7effbde796a24f400a491048841884720844708d8010249a5826307bb52849854122a763971ca767e3854aa92ca0fbb5c951495025290d8c6768c5d49ecd8841488f08841bc252181d1fb019a19348ffbeedb67efb5f263ef7dce3abbcfe9ee7b6704924b53d5d5f7f6eddbd3b7cf5edf5aeb5bdf5aeb0e903b0d50cce18b68b4cac86b23b68df11b024cfc990682a25c463958c1dcc295583d7a1b960fdf8ac5959b30bff45c14832350e517b0dfc568fb51ec6d3f80bdad3fc7eec56f62b4751f647411aeda00f9aa1977e6d387800a1e1b107c1e828f01f89353ff40769f0580a7b7e1df04e03d64f0936471b5181464e2d25fd3f4df50b98272f946ccadbe1cf3475e8772f965b0e5151010584c2d09d693649b03efe2a1f710ae500d4f63b8f975ec5cfc12f636efc6def6fdf07e541b78baaf3dbf6fa287041250cf0d118381c80278fe4570cb6f849f3f096b0c0c1914650132046b6287a33521fc870159aa530113e36893ca5fc6d4a5c836b74f8d4e3fcd3b64aed380daf00560f1b59251f7dd7bf6a157220ee1f0cc800b866fb7bf08e2d30009ac0d640a25a336cad04d1b0ceaefe373d3cf9656aec7ead1db70e88ad763edf8eb30bff47c18330f8aa8914ab1e344509ae910cabbecd631bcf84d6c9ffb2c76cfdf81d1fabda8f6ced4212005ee378c8bf01809e3d3107c08c09f9c7acf5f8c89407f6100e05bff958e007817083f670c6e94a23944144bc1644b0c966fc4c2b13763e98ab7626ef51520bb160ff42894f9e261e7ac45b56ecc498690c04082b102618474b57706bbeb7f86adf39fc2f0e297500d9fac3dbf4f86af8cdd7bc50fa4d441830203426bf00b2fc770f9cd407918367affc25a509c5a53d802c612886c481de238b3e02d6d887a520864d04ced55384044357b9f64c82214c04ed20625096dd1c26017eebd6338ef62238e87772394c36f60b0f569907b1c643818bbf2e264c601c0eaf09f00ab2284627e05478ebf0647af7e3b8e5cf9e358583a8954d8671e454b5525501aef0250c73efebd05c80c0200f21ef6b6be83edb39fc4f6d9ff83dd737780475bf53581ab53bb2df1f8ef007eedd47be4ae6701e0476df8ff854a00af06e197c8e06db020130f0e1521f933a5c1dcda4bb172f5dfc7e2f1b7a15cb81e80c0bb6d08ef2add38b53ad05aa3aa9427d411018b807d1573e4028239080a78b78d9df5af62eb077f809d8b9f851bae8789c3cae0eb48208282289d8ba49fb9744f90f21a0c97df8c6aee56d8c15c1d0114c6c214cd104b632d2c19982246029660c444b28c6afe00aa2097ec86eb6dc391f8f4be0eebbdf7602ff01cfb1f9c87e3d819e95d68b7de3b8385dd4fa2dcbb13845130e8220bf3b5d12b30481e3f81853584b25cc0e113afc795d7bf1b874ffc7514e5a1e0bdfd565da2a5f462dd7e1fbdf30ba5d90d486600639701b260b7859d273f858d477f0bdb673e093fda0965d104020e00e34111fc07083e0a60f3d43f7c661ad2331600bef55122004741783708bf4c058ed6a1631119e4b2c460f58558bdee67b17ce26fa198bb1ade6d81fd2698f7a288a63d3454d482ced6e8a88e1b733382aa0604f67103ed00a065f86a1bbbeb5fc0fae9dfc470fd6bf0beaaf37d4e40e09a8820450aa20843768a33e0058ce66fc3ced29b418363284c185e618b1285b5b08509514061632a90c8c3c00904f63b26dadaf347651f47b2226df271ce859cdec5103f86fa8e1dbcf370ae82f30ca97651ee7d03f33bb7c3cae926a42f22e35e28af9f7279db84fe567d6f0ba0b00596d66ec6734efe131cbfe627500c8ec2bbcd60f8e2624f04697fde67fd7d0f67d82051d568416611a63c04f1bbd879f233587ff8c3d839733b7cb513ae51731361fc1104ef87e05ba77e56dcb300f0c330fe8f1081703d08ff8a0cde83747862d80f4328e70f63f9ea77e2d073df8772e926b0db00bb0ba8874e52929c426ddce5c63110c600a00d066ac1649d0e34202071ae206809a0558c761fc2c6998f62ebcc1fc157dbf0891cf4a17c2809085454e0abf8bebcfa3903e209557113b697de025f5e8b7230df9a77608c812d2c4a5b80ac09a98089dc400485666f407b51082474d88150f7d67bcf711212d733f3bdf7f0cea1f20e3cdac4c2f073581c7e01443bc1a88b8cc82bd4d7367afeccebdb20974059cee3f0f1d7e1da17fe0a568ebc06ec36e1aa73d0c352f4629366a2c984838e6c7e0bd03457b598d1669dbb299661cbe360b78e8dc73f860bf77f00a3ad4721de3720e000f1b80b82f78be04f5ff2de6756b5e0990a00b782f01b64f1462ac2e1410a338b02f3876ec1daf37f1e4b27de01e13d70f5831add5391b82d496d2280745aa4637bd53810a04d10a2593f158000103f0a1c813d0e57ed60ebecef60e3f46fa3dabbd0787fe5f5bdaa0888fe3adef4d78e8e6373e12da8e64fa128e75ac32cf5bd2e175a6b83602929685a7f7fa3cc63d5669b0c3e197f5555c1fb7b07de3b8f95e19f626eefeb3085d4406c4c02e318ded7617de3fd4df4f66480a248ccfe02aeb8f6efe039277f01f34b3760347c1ce27740a68ce41e77ba769a7a6aba678bb7a9d0b6243a0d8135c521d8c1710c2f7c1917eeff356c9ff92cb81a3629410588c77966bc9f808f9c7aaf6c3f0b004f9df1bf12c087c9e2562a002aa3a7b180294b2c1e7b030edff08b18acbc187e7406e2b7002a54c75ddb5368e7d70906d9733a4180f5aa6f5125b2584548cb46680522069b67ff109b673f866af8037024021337e05c460efa0c04124f109fc758c1fafc5b309a7f396c3987b2285194c1f00b5bc2588ba2b0812fb014ab0326926b912dafa5cd3eea179ac9ba9e1d9c6b0020dc2a8c2a0754e7b1b6fd71ccf9ef3621bd225f61812228a3ebd0dea808c0d8f85824fc8a620ec7affb293ce7865f802dd7e0f6be1f140bc636150a4085fe3239e69f1c146413dd7280d087c40330b083abc0d5055c7cf003d878ecbfc1ef6dd720c01500879108fe1d80df38f55ed97816002ef3bfbb3f422f23e037c9e2162ad4612b0053145838fe061cbee15fa25c7c1edcdee340f4fa7aac5eeb4450fb8166926fc7b8ec4e6090d6c41c3d933e0db4f03e7811ef5c90f09a35301b6c9efd7d6c9efd1d54d536d805d9b057c4a08f07cb3b5539885fc3c79fa7488057b0b1f056eccddf862282802d0b946589d2063ec098e6de1045ad7cb68f2f36e224e18e7781ecabaa0a55158ddf57f09583df3b8f437bff03f3eedec6a35b05c629e42f82b1e7645f5144ef1fa30253181c3ef1265c7bd3bf0ec63f3a5deb19f475a30800f5f4a329aebfefc76a58f1d8751d0b18523b357bd8f2084480f5873f888d477f177e6fa74e05d801e25041f06f01fcfaa9f7cad6d3dda68a6790e77f31041fa2a231fe3acf2c2c168efd651c7adefb60074750ed7c37848a5115d75a1449d9c1c84e90644299c907a311cba8a15aa13f2fad01334125672d83c883fd93b0f628968efe35f0e8016c5ff81c7cec3d3012c4492ef6f47015af9053432d627a626cbd0210856c626df8bf7111843d7929981965cc63a52c502218a048acc35b0b30c3c6227bbd6edb733d7dc7b950d6f33e0080732e0081f390ea020e0dff27e6fdbd0db1a78ddf36046062fa8d014c0958529e3f3eb730c0d2ea8db8e2eabf076317500d1f46dde2db1a73902d18a59ee5c21d972b9fc750ab9ea5e98594890010222537fc1e4c71082bd7bc0bc2236c3ef671f0de103e7e0e2228c5e3974430bcfb43f48153ffe8e90d029d0040444fab3779d77fc67504fcbab178797ec85010e60fbd04abd7be1b7670146ef7010838e6fbd28ee6ea69bda4b6ed4e0b12f5461a6af914cd3da5a6176a7e2df6e9234ccb258135021207e6d328cb352c1d7923dcf0418c761e8621a0f2f17ff0804bafe355149afa678a0068960251480560dd0656773f85735884c3cd63d10b8ba0286c0d6ad658b898e3a67efe54e34ffafd94efbbaa42e51caa5185ca6de3d0f0d35870f7349e5e47004563fc89e8b3dae0632a6015f15794733872e5db3058b806d5de23000f41c6b6bb10f57ec0f18d02edb09f1a42b71dee3713f0380305919e95e5923d24801f3d0153ac61e5ea778247e7b17dfa930039ddd5bd20157e0584f5bb3f481f79c93fc6d3b2ad58449efe11c0dd1fc61c805f84c58fe9b09f626e59cc1dc5d289b7c3ce5d896af82042f798a93bdef401a99761d4f337a86793f6f88010ca7f22d25aa71d06e1b04a37ea10a2010120b4eff22e201e83f9abb1b0fa12c8e87ba85c8581008eba91796c0dad8d2060234618a0f0e7b0baf7395cc01a467c45db36ca58fe2b5a529860fc2cf5c00ec71ede854a466dfc95c3a81aa11a55581a7d0d8bd537818eb0bf66f535e9679bdc3fdd9745c3fe1705b0b8761316565f0c76e721bc1dc2060ed7c9e841a2942d154533f5480f226dcd016c81409bf1973ceacbb73bb5005e710322f0a321c8ae62e9aab7a3da7e087bebf7c2721ced208061ac79c6bf20c23d003eff6c0a70508e02f80922fc745278b6146485c5fca19763b07c33fce88978788ad8078a7a3776bd269ba036c8360b2ebac3461a030fb466d2c73052942f6ab994b47f422fbb883571c310de04d955cc2fdf80d1d62a64ef1c3c8022be75d7d82a0c6244a0de9f01d4a20ed4f3fae6fd43581edd810bf4265434ee210b58c0a6d7b5100a518b4f1a7fcf609f427e8fca55a1dce71c6cf53056dd1751d0b066f85b119922f61218d4645fbc15d4907e211d202caebe08c694607f118087499e3af528909e39282dfa46c60c37fb83a52729e8daa74ad451fa69af3e50356208efc194ab58b8e20d18ed3c04f06eb37f2104a027c1f8e75ffe8f78f02ffd337cbfbf24f12c0074fefbfa7fc2cd04fc3c118e68f558d2f5170bc7317ff8951019851a3f01846a8cd9176dc45d397f7bfdbc1acb354e29519757aee7e3ab88808391d6832d59e2ec1e894d48024289a25c43591e0157e7406560ffd38bf978759c049b4d418d8dde5f04600b180edc81b1e13f5e7277629baec310b7b4cc816a25a08bc6ee618c6d37ef7060fb2b17d87f5785dcdfef6de348f5799438d768f9153f673269af891580746f6d13f617b6d1f897732b18cc9d80f00e8477c3721352fc2ce5ebd23a6c36afe40832b73d8116948eaf5b53903b320305ee10c160e924e6565f80ddf3df083c8e6d3a0c59f0b6b2c04ffeaf7f830fbcfd57eb54809e2e20f0a304802e5ea6beffa7ef80290abc0f062fad0525b61197c01006cb37c30e8e81dd93101e86de756a26deb44e3e239bce2badfa6f22d7d253bbae4fcd96675c496a8d4de3b0d2bebfb4daaa996a1ba20e93c6658350167328e78fc20def6b50a550ff896d14ab8500ce36e8237124a0b72154f612bd2eefe05075074ee34a54381a3a09a969231629c022a122103bfd3cfb9002545510fe3846e52a545585bdd11e56dc37b0200fd7a29e9cf14fc2bc227affa223022852ee1f4b7f4561313738065b2c85722df67a6d984891ad9439e42644c88c5a305ee5a5ce3a60f3dad4060252c34b5a114088fe482ac0cc636ef5168c36ee01f3a821680d408c81057eee3947f079005fed412299c13e9ef100403d8f51d707f29eb7e0b5247807118aa4eb6f69c8074b2817af87f010cceb757ad67218d451ead35fd1783559f4473fc1598ce594a2220c412da5ad576101f532cb24f523541058585bc2a68ebd2290805402884ac0dafdc714c171030c1c8d9e2d6053b5838105ff1816aafbb089e5d83fdf486745002b1662041c1fcb053f4dfe5f41aa8b58e33b61b087ba2a67b2eb5134c33bb4f11729ec571180a154193030763e2869782bcc5a2489821fc5c090fe9a1aef0bb4c8403da358df33bac5822d6e51d44a341aaff68c470811873d40c6c1ce5f8962e12a54ee91d87919ae5104e6e71ac14fffde2fe39e9ffaf7184e0100d907483c630080263c365699ffd59fc15c61f13330b8263593a43efe3408a2983f015b1e02f306c46fc7a9b9c9084de63e3afe5b8a35379af0f952f788ea493faf8d1c823611ad36d5481aec1d92456b8a269c96b6f7aff77dd8060c4c6c25b6d1d3181b3bd66c307e634378bf22f760b3ba0e95391e468811b5fe068ede3fccf36338cff03e85ff15aa6a845155e108df8d013fd9d6f39ba62fdf5023e34de1be89dd7d36f60114aaddd79a14010c501425082308ef46c4d31c4d4db4d4110633353b0fd00c3311527b1b1538b3bed4d2fc5e8ef8359c88fa8c74a7241afe0875b724ea260e3216c5c2d5703b8f43c4d767554c3d41feef5e730c7ff0da5bf0952fdc033fa1ec443356329f11004013bea7ec0fab87b3fc955b70b321bc9a4c50ac424d800110f4ed832361e29d0bc4917852f33069fc7f92293084bee7d39422b3de99dd5f974e7bf058afce210fa2b2369896e147f64f140824af6fe3cfbd04c3f21c0f5bbc4f13bf16f9090cf80cb6478740268e165325a0d02740753f037368ebf591f9af2a0f71bb58c44320aa9a8e3e0dc6d1f093eaaf6ee58d21bf56fd15aa3d3b70067311101dc23a47d72acb8a66fe056304ac22e53b2b26a49f9f42f60ea74eb9a5b59720a9ebd7fee5badae047102961cb3598621eecb7c36b9ae64684ab0625def88a1b71f717eec12e3a1391a99286cb1e11143f64e3d7a6a5c3fff4511100ac2ce1f5205c5d1bbf6dee839cdf869aae8c10263757318fa7e655196df95f77bd2fcdc6ee7ef7aa585ce7fb7dbde57988292dd2ba6ebcd121672091f6e0dd7a3d03affe3fe32762a5e104244602f56e4f8a3c8032aad4c66b0c203cc28a3c882dff5cb8ca364347e3bb3422d11585cd4121fcd7925f8739ff38e6cc05908d4ca402819ae94f110035653fab4a80e9e7066a4e9f4118eded37c17e1d06cba1cb8fdaf44d1a4f568bb968dc5187cf5732c36fa767ac1dbb60acd0ab77164827c877a700211208e81d52ad222c8eb2680d69260394166fbaf91afc3e80c7b20c25bd2a4f3070cab0edb28040f1141a3d7518bff6faf9d816b3b604fbdeb7616daec0eb8dc11af4d45793150709a1975f4671255720065ba7446bc7d37aaffc332369b34a84ee8b2dd4ce4bd13cae38c67a3d77bd8b5b1f3ca27abf487a71f6bb805f0fb56352f53d13ae4e3d9bb0080f5901388243229b4c1a6f961ee730dc94002cd3f7406e03cecc35b300a2facf180b528a47e7437b6f153900b84d2cc92328b0130c368a8f484fea49829e64fc88a17fcaf5d1a409adee3f0022bb605e07bb0b202a01b85ab929ad6a3fea65a11c7301d26bd7a95da2850affebe52b18e3f6d4fe43bdaa3d0b03f350209e2fd11b862520b748553fd350e065e09b936e08afbae6384e013803bdf4b1795b3e7b9b9c394ed3c311c8d30100ba8cdff48080cdbe2700e6552fc0fc4b9e8f93103c0f69941d350ebc996f49108c207e3b7ce8693bafd7ff7bde1fae77dd9bc603e8da9f0e187448af9d49da5baf7e875b62116958329176e85aafc30ef13c9100fe3ce03742942380f16d98b4f1650a690c5c0ce0543e8d687071486f386c3668d34b6cc0f245ec8cd6e2db324035c2400610cb750eccdcf4f88fa2f26fce9fc79c390f32ae0161358033e5f226e6f99ae44bbc4092faa63900560fed2406fc16d89d83b52b100a031284da346bb3bbb9865808a897a0653028137870662d92550b5af560e1b68e208f1e595a5542168ae035aad3a3b8b2a00667134efdfcc200b700f86c07007096b51805085d594d576a203f6c00a01958fd9691b703dc1a080c00f3f657e18527d6f0cac2e204e950338585f1260488db05fbd07b0e5f3587c6d0b86c97dae17eeedc49217f6a08ca63ad9a2fe426c848245f6b0576ea54e3acef9c90adc6b2601ec257a7c16ea311b999a6862cc990488141347a36cdde02b2217dae3785a589b806307e84257a029bfe1a307bb8aa0201a850c18aad2f9c8f1d8ba107c0819dc3029ec0025d8025690c5be5f1505e3d01445df633caf39b66322f5434670410de83df7b02b638043273a16d5b275b1dc119535e05e8d0f94ba6ef50464ff5ac07ead60ce40d21ac846375058254f5c782a402bb1d107c63a5a639b7e97ebec06d00e69561a7a3e3a1c791eaa0b2b9978e74e09280e0724700795e2f6d2aa48e080a050035181c5bc50df303dc0a83c36847efe120d551bd0f9ec36fc2a044d32d8326f69dc0e613698e4f22b31c8f5ddcb6db2c9c4c429eb48faf7d5e642c9fcc482c91ec0a0525009181b82df8d159500c1df5cab034b0472220b084f05f0c20b154987269e6d8ecc38d21a674a272c082b910808b4389ade9066cde97a5b079d7c4e1a20260d19e4381dd563045eafda5fcdf5064ff35cbafab036840c2500703eccf83ab27618a23e17a88345b8a595f3355b2adf516e322bd5cc3a3d38af16b11cbb29acf910c03d4dec4160959970e6d58fbee37c169917094317b6afb9f41899b012cc5a3e554e8cf1df7ac98219f01064d201267ae181497c9fbf7e5fba6e71679e31a002c00bb30c0b5b6c05506285ab9b369903bd6afe07917c66d42b014dcadaef047b24d2d9d55bf5c2f896ecd8e64e9605c4893fc34ee4db457eaf8282453b08972052c2e0c2af11763f3523ea9262afb7c5318481d67864358ed545e9ea212a3bd5f7c2b03da86f71e655942d8c3b305790f8a63c5f5ec431fa7fa3233ca621b867c73e81518a79b8ed26c5ab6a10042522a208acc95360230efc28fce0254c098f9984fb79d9cb4bc7543c64ac7916ff376d2440499c58874fb4bd1eba0a5c3bc38a68e48449f0d6be4dc1684dd18e72cd4aa641d01b0a000c0675ffb78b939d645b9833be3099e7e5f20503c05debf2bdc2f3263d700906e050bd684b12059fbbeae04d5b9b9db06fb0d902d62689f757f997868387b21050644682fbf246a85d03537a40f5ccb5233d189209b31d8557236a176edd7e147a7217e58a713a4ab8a8ac74cc335c2001045c22178deca375a00a62679ac67ee7333c9a75e14128d9ed4bcfff6d00f072a2ac070bd8843976af4220eab967a584df499061060da9c2b29110ec483ddd9281838d620fec4315f32f9888bb4bd7c975030177175a8fddac022ed7ea494a33081475b10b719db369b6ba80288d41d5a025854c6ee33e34fdf274da85354628a04d2c7e7a79413a782c04101c04c00017d4e6c87c72fb2fb327e5d306341c2585dea32b2fa42502c2155eb603b87f099aae6eed6474363a5a30653833be2ce4fb1cde0774acc32e6583a6acfcd59092e5004603784afce82dd563b7c90761297e60310abb556a651fcd922f2100620a7f5f368b5259384c9bede86fbb46350a78d090492f17bef61e061e20e41a3cebb51d1865ebf958cbd6679a348a92edc90ca0d33991ebb3d407e004209328b8d07266ec455bab14b9559eb9c3e9b744e593a4fd902947659203e9bfb220a19eb4c0e67d1429c03fb0db0db69d2424eda83ece54207ee5266f82ede462a02701d153356a75bbf1d3fa1443811048a037a7b9910f66b96df66865f665fd7c60fa0188e0017b74821ade192481649a392a3489079b7031a6d0076094226a8eb8caabfe6925dcaa8546aca78ba88249998a8f5092654af0940aa436e1d6aa6e842318d8144e2bd30a0b4da6886902a63554f0fe53ed75cfa14c498c42eb322d362b06375f522f53608c1b183f1611c98f1713e601d0c513df9a796037b071613196e95822963226a9773f241e3a910d25a43402a1c67c5a710e0ab2d00e7604b06cc7c844d692947f25cbe1e61ae2b06d9ffa309db71a556bb94234a8d296a58885a74dcea152238b0df85549b60efeb5570e9f7539766dafb1039e4851e00b0eaeb22fb1e1de98064e541e9b0cf8942a3629f86dfa5e2b39992cf66f7a5cef3010ce2ff3bc800a0dcdc4155f9500cae3ffc3826cba85c2a5c5481b8219836c2b2473350524d6e56761b45f95087d0236dfb4de5bd3a6f6bc60885436172f5a8ca45f3fe418905076a3528b07888db0457eb10ae9abf85c7656c494a60a00e53aa0d49b6db8e744dbb2d4e14013cdb30e6cb33bc09617e9deba628c837034039cefa776c820c1b0dd098ae5c4f9af761925e28f4c4c328df35c6e560bcd1cfbb8b101198622d2eed485397b826feda6ac1b0e948843a953392c4bf82f101301d644e6b84449cf558f71ac43c2d0c953111f01db8da04bbddf06ea4d91329ca89a56be3193ea6004ee5f87bca5e2a65f89491e72efbd8ac8a06ac2214a9a374d8090297ab0cd845f45196fb0f94d7b75904500228cf5cc4f6f143583fb106078f32955148ea68b039d80620cf70b20d2b04b2cb2053465d6c0386e263238c241d00a15bba472dc3ce52fdf11901132a3029cf658d58e2c07e1be2b7e2261bd58842caeba0b5afa2de0700e5998c12b1d4f1a134f7a4bca01160cf0f5055ae5e996562058099618ca90940e71c5c5561340a537ff7fc5c200ca56d2cb5c10bda23bbd2fbe7f611aca37d6eca87901e31387b78bf0ef10ea6580168108194331117f52864b32b964bb4c77819f5bcd65460a9019212f04449a1449d6f20547780d126d8bbba789796c3a6c03c81800830dcc33680396517ba0c98db4f37cfdc5d72cfab067dda57390800d014e6dff4a4013910141d04609d027ced3e7cbf2cb072cd31dcb65c62817c1459f9e62f34ba3bcec4fc567660ac80ec42a49ad1e20384b31a564b05a8b80234a5c02e2a656cb9668b696e7b255d6b145f41781be27721e27ad8ea0ef521abd21eb72bc4260262ba418303376bafad256c54c724ed0c081b871b471c977d8aa8be5b6bc39ab38bd5311c1a9c83609712b01037221752216ecaeb8d0e9f3923724d16ed50dfd1f460de86780f532c023497a9b1f4f87669e93872c3ee9bf3472dd18f1e38923e7ac95ac7a9d9a3c0d1f3f31052ed40d881b819de9ad257fd39a49d8fdf3f87c7a3c38332fc2e9d92649a80a2473864b238c6f408853a3981629fa13fa6a0508e602613fd741a7ebafddfbbf0e4e62eecab6ec6b9a5051c17856bd25662d6c18e5880386ca731c681ec5cdc0da63f026eef8c063a2684a60801e3cac07878274d506e7806e5e29821e2203c84f821b2f6c0fe2650b4bd46cb4744e34b078cf407c36da314012a9ef367b657379d3831c65866361443019150f74fabbc9999abaa62ef3d0f87437e62b8cc6bb430bf36478b2242c40dbe26d0b1d270d3696c7fcda951564ff7c8c72a763bf3b8a257fc0ec439905d08d15dada98522586402cd4d9d9f6f9acb304e304b6b5a707a6506353a108917424681b864173629b15a051fb97c51869f32987b1ec1831100b4d1976dd8efbda53fbaeaa9bced7baec0a5700034c1d8bb0c5fe7325d5260da1a82bff41d9cbbfffbf8f6156b3829e9fd49a385afedd9aa320b01020fa621c833c80e5077c48c797b9afc9749cf5054c5341328eb16944c462ad1f0abd02946becdf071477097e17f2b3a4800e81b0f0c8e9380544490ecc2845c1306c0bd0f0f2ffcee1fdffee8e66e4b57def541e4ef0e8585bcf645587df78fe1faa57994b5b7f7e1e49878c0eba59fdc545f24c357560ac0a4ed6805efaa52433a0ca73d900f0312884a509a3a0a95c271beeb41ea6b94494014e727ed804257fd14db2789244ea40c0b182388af00efc3dfa8f47b696cbbdee39040e0e2269ef8b3efe0111521b3cae32dc65ac16afbe18e14c1f6440bd2a31538100740538c9fa67c6f3a4862d36f7a90bd0afee39fc7976e7c0e5e7ce2306e14df780f56e5a4fa1069d51e318846a0d81f4bb0511444f16035c320094a5a9887f49a2b402e42d0a294745a8d0a49c22ee9309accc72800ad4936c4e3e5cdae0a23a41d052452096a77207c1c20925202e5fd77f630bcfd2e3cb235c48583103cce83be721f765e7b0b565f761257824146cd1da8437e1f0dd7abaa8dd53df8edc04a6367deb40955316838994096937561c94bf2271a0814afa3d382f6d8b030009594436875071229f5a6340d5c90c809048b16efea09d0a9dc975f2369b609a78d4fee73f7e24b5fbd0f4f66925fe9d0f7a34757636600812e97d257c43e3009985b88e961c4fa18b3ae1ca7bedd7e279eb8f57a7ce29dafc5caea22aed47995b191008c23b1d27cba4637ce004671fc55d884c3497a6ba80eedc200119998ec24918c1efd450a1cc2665aaa49348ad75598911a6df3f172b92e7d2c59533b0c581d4ee136c144aa88a4b9008a9fa6f3709fba130f7ced7e9c113978b7d8f610f8c3ff87fb8eaea2b8e12a1c971879507a0fa6c9716bddbb8fd18169fa19ea929dcebe92d88eba23815c58cdbe02910fade0713249bd2434b545d6cd560d932bf1c314139e2759505857501a575fb72287c6a2b0ec05080b5f48548b3137539858e267a243ff780cee7e045ffeedcfe06b9bbb182ac10f670220eeb18d6936d8f73db268e04029c0b4b65eea2019ba08883c9ff12a2bcc01823ff4097cbdb4a01f7f19de7ae2304e26844d4cb2a8e1a0924d1808d785e3a10bc42819931fa746704f8a8957a165ddbfdf4a1ea9e10498e3ef70f00e99376ae9fb651c9abbccb2d512c64d2d3b2db1906c9d387cfb7112607b88adcfdc8507fff80e3c543954972af5fef66318fed6ed70effaab78c1cdd7e2040436193f7c7b698989fd0ade34dd705e054bbdfa551d81996c0e48ab21889b4f892a90842684e0c915dae8364e9d5e703b2f68792b3df5a34ec37c93c04bbb8d98d4af24e367fd2b0c8c1c76ee7e185ff9e027f0e9ef7e0fe7e315ab32c51f677a7f41bbf9a70b0c7882247852dedf8a023a578311d1ace1bfcee94d26f52d7a547f5afd677b54821640511628fec62bf1bcbffd1abceef957e296d5655c6311a64653161cd1240c6c75b3d018ebdf3a9d933eae5a2c22ed6e2092ee31d39362a059c9401501244048ebc35ccc35d35ab10b9bd87cf00cce7eea1b78e0b377e3ccee0832c3bb9925fd130078ee092cfecd57e1fa53cfc7d5d75d8123f3054a63c39c7fab478393ea1844c38df60d5a1a53ad50cf6c2cca2637d7841db5af2b513bf99fb0dca97e1d89fb1d531957cd1b208cef80d032f104d0751420c07084adb317f1f017bf83affcdee770d7034f6023f3fa95326297c9815dcfad52cfa9323191a0dd51d807244adc2833014017189809b25fdb67d01d6220ea100aa5e7d68072c3555879d9499c78c58d3879e2104eac2de1f0e2020e9705160d608c4559cffc681b6e7b4747ab4d433d350da1d4c2715235625054828aaa04889626536f33a68c55b0682620c82a5e0028918155055f79c8ee08d5e60e76ce6f61e7f4796cddf308ce7efb315c7cfc49ec1ca0a28329dc3c00c8f2028a6b8f61e1d52fc055d71cc7dab1152c1f5ec1e2e21ce606256c69618a22ce1c51065d3b5caa9711b5e51532a12cd87e5cba424652435943c1878440e33a7ea226e823c52332c7df6b34c5ad9192d26a11d1e0e19d47e5186e6788cdcd5dac5fdcc4f9fb9fc0a35ffe737cefce87706e77849132c43cfc775944ac1b8446eae73948f80c48bada89fb78864b020093117a1a14b41193f2f806ed16e0327b6e57a930af30143dffbfe921216d8f5049321523d4e35daf93c7165d228d5c13312d8242f65e4c0f9f3249ed423dbaef595432d30c7e5a38b99fc9b53243ec33e971ea3abc1de1f12c8fa127bf9629371d72eb4e13ed5df31c9e3bca7aa20c5ab214c065dffb8ea820e70c5c87f1fb1e7e6d5c7c2922b39280792e8f4c71a40f8f576941ae4832ea0d75cd04283230d0c05275888eba221160c2d4a19e740613b88dbc72d165e07d6039298aa2194556b37c3f8b777faa163e4e9b4ed357869a66fc9860c4070180aec7fb5878ee00084cf1aadaab536680be8307930c08244b0bb88727e8d3064cfa4cfbd4840756028a921d8e35c16548291d1e96550dd42903763de5433b4174d42588c83db5cdbc2b653f9b34c5681600908e9fd114e3a5cb6ce83483686b1643a6cb00007d23136699858f19806292d15307594633187eee25b9c3cb630a41c71d8f494f94a0a308d74394770d09910eafcf53006ddfcd40b3aaff380b5f353068e3cf4540a2fef02e21d1a431625d2989becf43f969869947065d466ea6fc4ca65449641f1e9f2e01009eea08402ee179fba03e3b41256f6ec94766e5bfeb7bd2871ca4f4ebcb942801333ca7ef7578428a30293ae08ce8c304b2cfcfc82e4d0500e9c925fbba31ba0408d4010a94197e9774181d79fba4f2e334efdf07007d063be9f12e00984698cef2f3cb61ec7489c6df29c8ed39f4970300f273c63de78a7abc3bf584fcb3a40ce808f9d191027445073c25dd9885849bc415a4e7b88ec8228f0e30210d9894c6d7cf2b2ec113d0843ccfa3dd984059b4304949386b7eaec377e9f1e8b318f6b4d166fbc9d7f7f3f5d30d009e8a08800e1811e40030ab51cf0a00d2c36bd1146f3f0b00a02342c981a46f170077a412dc034c3c21b2410f308e91bbc58c86def5354fc8eff2e20e75a0771ebae729431e42db1e0f35ab97b6e81f64f25403c0b4effb0cd45c82513f55a4df539512cc0a0ab37ebd9f9ff39448813a9e2313aa1592550b684214d1972aa08383e8e318ba88ca5988594c2a03cee26da631e0d3beef62e5bbc8ba692c3b4dc9e1a719efb492ddac9ebbef6b9991f43b6805e0e90c00d3565fedd7e86906afb71fb0a0190060bfd5893e627196488230b91c39299a98e5efafbf1791cb9202087a167265178c3b0cd3efd3b8a779e84900308b514b07a9871ed63f27f864ca7b9519bdfeaca1bc4ca900c865060599f1b56402b7809e9471565099c5a827018fec0378b8c7ab4b4f0adcb5ea6b529ac2530c9632fb9029d107cdc003cc4c025e0eef223dcc2cf6195aef3774a61ef67d9a87ee13e374bd1fee008afdac1fcd8d56f69116fca8bcfd0f2b35b89c2902cd403622cbd7d143324e03af3e0e63963464d2dfc11918756e3e3fc0673f3300c804ef4353c297495e9070b070faa0a1f2a5e6e4b40fc3eee342f6536ba767a8f15f2e0098f53972191e97192289fd701207e130640a1149983ce9470ef2f71707bca8933e9083883da619dc530100b37a5ceaf91bfb06d199192e84c1fe1b742ed5d0e98764d497ebf77bd56b3d674c664c83f6434a4e7aee2cebbaf74b6276ad00eb8a26b04fa3effdd92c24e07e0ed44199e9cb216e910969c3a5e4da97c398fac440b24f03321340e9e9101d4c9ed07969d1e67e0146667c1d3900684d2b4fcee2e82e35fdc125fe6d974402f65d6c9e92bff30cc6b19f8343530e905c2683bfdccf9fe4dda68108267c56f2230680fdbcb74907d6fc08006096555afb59cd2d0738cf93c084267ca6b4cfffa7fef7ff0700119ee1582548f09c0000000049454e44ae426082);
INSERT INTO `Image` (`idImage`, `Nom`, `Image`) VALUES
(2, 'test', 0xffd8ffe1001845786966000049492a00080000000000000000000000ffec00114475636b79000100040000003c0000ffe10329687474703a2f2f6e732e61646f62652e636f6d2f7861702f312e302f003c3f787061636b657420626567696e3d22efbbbf222069643d2257354d304d7043656869487a7265537a4e54637a6b633964223f3e203c783a786d706d65746120786d6c6e733a783d2261646f62653a6e733a6d6574612f2220783a786d70746b3d2241646f626520584d5020436f726520352e302d633036302036312e3133343737372c20323031302f30322f31322d31373a33323a30302020202020202020223e203c7264663a52444620786d6c6e733a7264663d22687474703a2f2f7777772e77332e6f72672f313939392f30322f32322d7264662d73796e7461782d6e7323223e203c7264663a4465736372697074696f6e207264663a61626f75743d222220786d6c6e733a786d703d22687474703a2f2f6e732e61646f62652e636f6d2f7861702f312e302f2220786d6c6e733a786d704d4d3d22687474703a2f2f6e732e61646f62652e636f6d2f7861702f312e302f6d6d2f2220786d6c6e733a73745265663d22687474703a2f2f6e732e61646f62652e636f6d2f7861702f312e302f73547970652f5265736f75726365526566232220786d703a43726561746f72546f6f6c3d2241646f62652050686f746f73686f70204353352057696e646f77732220786d704d4d3a496e7374616e636549443d22786d702e6969643a31444136383432334139424531314531393534374246363443463938314543432220786d704d4d3a446f63756d656e7449443d22786d702e6469643a3144413638343234413942453131453139353437424636344346393831454343223e203c786d704d4d3a4465726976656446726f6d2073745265663a696e7374616e636549443d22786d702e6969643a3144413638343231413942453131453139353437424636344346393831454343222073745265663a646f63756d656e7449443d22786d702e6469643a3144413638343232413942453131453139353437424636344346393831454343222f3e203c2f7264663a4465736372697074696f6e3e203c2f7264663a5244463e203c2f783a786d706d6574613e203c3f787061636b657420656e643d2272223f3effee000e41646f62650064c000000001ffdb0084000604040405040605050609060506090b080606080b0c0a0a0b0a0a0c100c0c0c0c0c0c100c0e0f100f0e0c1313141413131c1b1b1b1c1f1f1f1f1f1f1f1f1f1f010707070d0c0d181010181a1511151a1f1f1f1f1f1f1f1f1f1f1f1f1f1f1f1f1f1f1f1f1f1f1f1f1f1f1f1f1f1f1f1f1f1f1f1f1f1f1f1f1f1f1f1f1f1f1f1f1fffc000110800dc014003011100021101031101ffc4009b00000105010101000000000000000000000301020405060007080100030101010100000000000000000000000102030405061000010302050203050605030304030000011102030004213141120551066122137181913214f0a1b1c14207d1e1522315627233f18208a2242516533418110101000202020202010403000301000000011102120321314104130551618122324252147191a124ffda000c03010002110311003f00a3edced899cfdce2e68dd82923c2b07a36b4dc4d839dccba36b8965b30465cb86f71570f70a93b7c37f61713424874858c6840a70c0a5539ef95bdbf233b1c4b9c1b19425146431cea4f8241bf648f1f641458a9ad4e8ee9aa369c954ad22b1d24bb829f3a78eb4091cdbe76e6a92d5eb8275a0b07baf6504b4623ad256058afe524376a93990681c52fcc7d9490187343b6af9ba1a0ce1ea17152add02500a2d77bdae7128df95abad072257d32b7069f6d3c164681923479894e869a28c494c29a6aab9c8677c2cbeb6c2ead712dfea66a296d10abbdbe8eff008f6dfdb92ed984ecd535c3c295db31976699f2a26bf7216c8ad215b8e951c987139dea1c438fd8d3c8b04b3552e24ae19d34f92cec7bdc51c9eda0bc92d60742a7712b9a9a0d27738644d348edca9401ccbe2075a69b321b496845294d521cd7b9712a2901a8271ca80635cec890be341b83902972d00d1238bbc3a50303504ea01270e8ad84c14969f8a56fa7a73f6fb06fa26dc8b4bf749b4c65437a823f9d696b30ae6e7d77f95c76919fdf59ef72d35f1448096842e5d6b1ada57914fc94312dad87f76f9eec1acc4314fcce3e15598fa29a5f6b9e1ec5d61044c6b499e452f79d09c4afb6a725577eab99ff002627238554d93c73e926274f7316c6a46c00054c302833a5954d715651c126d6349de50290b89ea28a9cac61e39e18d27cc1b8104f87c69722a95143e9380db9e8bad21e121f6f6e81db373be042d05e4295ad68258e43fd07f1a0e1915e4cd779c63fa5310946061322b8f26f380f6e34936033b8c9231d1854d7ad35c4d81501213da569233e4650d3bb703fd4da064f8b918dcd3b74287db4f25751db740f4f8d192ba8ad91a70073d29a2c390151d421a655e7f7929e0fb82580f96d2e8138e58eba5657c54d91593cf0d9dd168c6390ee1d02d4d61b6a9f195008c8e229b31e3c013a7e74f29a66e72aaff0a327819af05aa6aa22c3d1c530c29648f8dce5da98532a590bb21ef14640487a53c9b885c29503b49da28c91ed6af855035d0b4388231d68a08e7068cb0a402de370727ba8181a820dd2a780d680afbfe56785c61d9ba3216b5d196fada80ebefa8019292c841c005fbeaf6d8b4d13ed6101a361f2e7bab3b4f097184900eb50a9e2bc978b1c758bdc228bcfb8e8b8ae6b52fa6db35a4b395f2b438043d7a53aca4c785d5bdb44d8c3def2e7464f99df8d390448337a73ed2cf2203bb455a152784b87927e2d3e419357f953c1dd5610f28c8c2bfccd1f31c35a58471c88de4e27956b80d71a302eb81a19c3c021c0a614b0563a501c15b8934f052ab273235e4a90ed7a614e1c433cb5e999b0b5ba7ce980f6d26988b3b6b87162bfe6d0d0ced493cbc31b3cd20083053fc696070cb3bc877dbad242302c048057e14ad6baf4cb119dde714a77b0a39f89693854f257e3c036ddf4e1338cd26d634660fe6b4a6c9bd49b0fee5dbbe6d913800a8ae283c5495a2ed58de9d9abe1bb99974d66e735cd70f2b9aedc3a7855ebb32db4b3da8ff76adfff0087b7e45983e17ed711fd2e1d68de169ede5eeee826dc97217429b9bfd51ea95122b6ea8def6edf32fb8882669dc136afb32a1c1b6b8b859ee3969d284e098500f61418d389a92d2a051620edc1a4d132290caa512aa960b599998fa986555f062b69c4d381232aa191acc075cb1aec5a74355a7b10de4583d773464d4c00a37f610d02842b5269142419a22e5c141ce817d28391f562bbea1c028a793893f4b0ba16070d0107efaaca2fb4e8dcc646d68385165488d04b81a8392bc889636e314da1d8a74a30facc7858ff009cb76344713d08d535a594f04a6771b46c24a96e0b8fb2ab5c9704b1dc6f7354b7229f7d5e0a68e839596e5ed6969f2e209eb4aab8c58b2f260ad32b117de4a52c9612ad7948a36383ca95c1314d68bb276d723daf3ac32ec2ef4c66d3a7be94a8ba5597f976e0ef51a9eda7e19713e6b88e568d7ad3c0c555bee78f64db8bfcc9b4edc460754a56b49adc0575cedb40d25a55460baeb4ad54d2d64396ee96dd3896ac520083c71a8b6d6da75f8672fb917cf1fa4e2bbbe6a9c36d603653dfdc471c7002e7354390640658d1353b8f75345bc11abb90ba647b8ffc6c1bdff756934676e7d0ec93878400cb3bbbb27f5068603d1171a738fce533aedf9913acbb91d6120960e22ed815496c808c3a84acfc4f4abf5a5f1cf55e729fbbdc2f2dc2cfc3f25c75dc06466d138607ed3a1419d3fc93d227eaf7ce75da56278eedfe3f9198c7c3f356f7b3e3bacee03ada623a00ff00293efa7317d33ede9ecd3fda357fb6d73776ecbfe0ef18f8e5b1937319204706bfdba2d4d8f2bbe4f71b6a4e77263403c3f0f1d29e538160792df36432a0b639c54d5449ed082a760e5a580123848a3235467890834f045f5c10adc6885812091e240e18119139539ec0d71bdd2b9cec7c7d955b4a416d6aaa63520b4021294054df59be5b90f6e2c08b4cf294626b981a4620253953b4f0465baa845a77644d521b1bda461954b5780ddf23e9bdebe5009c35a570faa0ed18647fa9234b625f2f534e546d5a1b181928ddea0899fd46972911b6f88b584f11030faf703775fe45295ec2e48975dc1c4428d1306b4e0ad425475216966d54dbca9392eebb76b76c730009c3790d23c475a8c369a5aad67754c5c49be8802110923e3853e0bfec2da7317ee9098afe194af95a2400a782a5560b6b3e62d6d3b9792b77ed9d407e45c141f7d16588b25f4b88fb91e1a495c74a39238193735eab0eddcd7687a50d26a8935f4f3b4190b848cf94852b4aa70a3e419297979514da6b7e11e17bdf2005c9b10b9df1c078d3906db2ff008cb496e9a19ea7d2da6a98123f335bf5755dbfa387bfbe6b7f9ad2719c1f6bdb17191e247143b9de62b5d1f8759fd5c7b7dadafce16f159701705d199123cda9a7b52af97f4659cab792e0aead5dbece61736e717341c40f653960f285fe22cef22df330365fd32c7e5784f66759f6756b7e1d1d5f677d2e6567bb87b7ee22888b88db2c670b5e4231b1ec77e9573510fb70af37b7a2e9731f41f4ff0063af6ce3bfb4efdb4ef992f79d7f05dc3872b1c7e8d972ae08648dbf2c529d72f29aad2cb315c1fb2fd7ff00cbafcc7a7b9ae63c077b88c411536597cbc0c137854a32583c16af9b2a122c6f1881ae5551361ea884e2b95524fdf9254e03b70a58066a955907b9ad0305a390468103a48c640ad0135811b4c860f566c3eeab97c613602f7ed7a00b515582870a528c06f79cb2a630603196ed271538d32a102ede41f974a0bfa0d1bd0a686839060571a41f35d8dbbeea5967906e8a32b8f8527d4e4ce4bba6cec5c85a0b9b886e83a7852f353c72ab93beb909e074f77232d2d50863183fbaf190d8d1a789aad7a871fe2235ade737ccbc36c9a61b76e73ca77bd0fb70f856b3af3e3589dee9a4ced7fb2e62eda85a86e2e649dffab146fbaba75fa7ff006ae1dbf6767fa48951719c4c587a0c711ab86e35bebf5bae7c3976fbdddb7bd936dd9c7330fa589ebe1e155f834fe18dfb1d9ff6bffd9d2f01c15ea90cfa69ce2d7c453ff49c35acb7fadad69d7f7fb75f773147736fccf0eff3c82eac1dfac659fea69c5bed15c9dbf5f6d7fac7a9f5ff0061a7678bfe3563c672c2673622fc1d805cc6191ae676fa5fdbc2edd8e4331eda9c96d565140d733cba144a524acec52f70c9b1fe8b42c8f21ad1aad5c3970acb281c2e042d3e60e4ddd49f98d6bd7a66b2fb1dbc35cfcb79c7709662d44b7372431a3cc151057a3aeb8f4f9eedeee55c6fac0bcb2cad5ae0146f73be64e895a618668d6d1c1216bfd3fa69862082ac7781e95163a7afb6fcacf8fba590b09dac0487b4e86b9f6b8aec9322ded9b94be2f2b33c3f214e6c475b7a12c0eb699a1f1bc799a710e07f314b6f27adb2e5e71dfddaff00e36da2e59b20636da54f59abbf61382a6a2b87b3ab172f6bea7dff001c6b49fb57dc573c9f137515c5c36e25864f56370c098a4c113c1c29ef261e4fdaebb36cb76c0a7d959472539ed69cf434d223081f9538544610e2a724d69a6f82bb019a532731ca3353ad10587071693d3c6950283854921ef0cb93d1d80f6d54348048185323839e7f9d2c8c1c41241c8d2c82ed519a5390b21bd85a173aa08702bc39a41033075a72a76d478da5a312a72a29c82c6d576348c65a5687ccdc9f30db489f043807388da30dd4fe5f4b6bcd79ce58497ae8d4ed61599cabb8e83dd553556bb2670366395bef5ef5cb18425ae2848d078569d7a66f94777762787a971d601d034465b0c0d081acfb2d7a1ae35988f0fb26d6e6a5b6085c7646c7ce4605d9006b595cfb1f2715286ee706c63fd469ca8e715f3405aef2b9ae3fe83853b0f5a1fd4cb183e19f5a5969215b7a1e4ee0bbb07038a839d2c8bae143c9363e3efe29613b6de6501b906b863b7d874e95e6fd9e8c5cc7aff47ec5dbfc6b63dab2f25cd165b58fa7bc80b34b800d54c47857271cbd0df6e2dc5e76273f61646e5bcc4281a5c5be8a33038855a7c70c677f2b8c309cc35b67336fa7b86dd4e01018c20f9ce01c12ab1e0fce513876b9d701e7338a569d7e238beedcdc27779de5dc1c516c0e2c05148d01ade6ef37afafcb072772f37c6c2d9207ee693893d7d94a76e5d1b75357db7fb8f74d847f9188c8c73480e1983efab9dd8f6cafd695a39b93bc92182fac038c73239ecf05ae6ecb9af47a3af11abe179db4bb67a6f7e288e8dd983d128d77b13d9d17dc3e4b9b58657ba27966c1e60e3d6ab9c47e2aadeeabae3f91e09d11735ef738b5d1e6ad76151d9b6637e8d2ebb3ca7f67fb822e17bc64e2e590b192cafb57b1d91dc7cbf0781516786ff76ebb47d0ed73b24c6b1af1ac3f79704fbe8c9604f0a692829a674071797045f75192c16321a49455a706d32590823c4d14a0d0b898c639509dbda14cefef13d0e1d698ca6b482d691d3314c8ad77988a5601015a90ea039c14614f2010463a55c16136e39e14f29c091805d48c52d35375197c8aee5dd69ccc57e6265c00f76c8e501cd1b42e20d69c72f73bf6c4c31bcd721fe63b8a47185b13ae650432208d683d00aac61a6bbf891aeb682d38d836b50bd029d56894b7985b70f697b76fdd2cee8e323ca1848c6b4d7671f6c6f38cba3c771ce210fa209717e2a057575ecf3bba7963eefbca1e4ee5e6e4986304ec683e54f756ff00964acf5eac013729144c73ade60f2d0ad00f4a9dbb973ac1e07b91fc9b65b79dad65dc47023f50d6b3d7b73edb5ebc2c0cac24850a3029d6b5e70e6aabee469938e0713b5c10d61ddb6635e998d965da17705aba2bf8e431ab40901714f2e070e95e56f715f45d5af3d7cbd92cfbb7b87b8f807d9717c50fa77b761ba9de5ae7a1cda1354a336a3f075e9b66d79977171fcc71bc99b7e4ed0db94dd1ead900c4a3b23435c4dbd24594334578c976a4323048c231058e18256fadcc797dfa6764ee4c45796ef63f5695c35ceaa5c38a74d972c0dcdb4d04ef86562b462c722822b2e3fc3a7852d8d95df23751d9d940e9649080a01dad6ae24d3d754dd5ed56ddb7f47696d19616c7131b1ab826e2134abb1aea5b8edbb790bae2105af685123490547b2a6c5cd999e45d231af84b8ef5f99c4a9a9cb6d75f0afb52f0f78730a0200272a56f856bab15c6f6e41cafef1c9c7bdee8229e6f50cb1fccd31b44982ffb69cdb1aa7bfabfc2ecfa5322ba6958bc32ee19f4a0856b9de9807dbefaa4fc97045fba857120006542727b085a053cb015d0d323a3660405c541a1355ea7d7311f986bd69e4714c89af0d084eda593c43839c8baf5f851918486909852a921774ce8c0c1379544a78180f6798f5ceaa0a4de99e346460e695c453c9585543407c713cab3ed9326091c9d0ed35b691ecfd8accf128fe79af3806b5cef7818517d1f5fb95a413b9f2172ef535322f7df35aae2b903086b413822f852acb6d255bdd72665b49e3f5377a8d208cf3ad3afb6b9f7e879a3a6787ba34da5a48c92aedcb39a096b6e5a1c49237fe345dcff001978bb5bd17923edc3b78f94b6a2eceaebeae4b4173ca44d31bb079cc9eb4ff2d3dbeb08d75cbed9cdb876e69c73a5774ebd7252f0f31df1da8447c8368f039d736d3cbdae8b8d5f4ff675c3071d046c000680022683c29cf0e3ee972b6ee8ed8b4ee7e19d657003676ac96b71998e468c1deceb46f330babb38595e6bc4f19c83fb52f61f4f6f35db9339979060afb624f980ff004e7eca9d36f869dfa49b4bf1b3313f75dc87e36f17a6be6c172a32d275ea18ee081cf697da47207638b710ecd3d94655c22decbbd9d6e1d1db46db660687b444c6b4bb766a4055a39567b7446878ce667e4621702432908ad7a65f0aa9b565beb236365f4efb00f18070f94e7d2aa5725f6c9f747076d33958317fe9f11852adf4dd9de3fb7ef23be6401c5d14840da72cf3a17ce599657b22dc5dfef3dc5c46563b475cbcbb421add959fc3a7ed4fff009f2f7363c3c13963f7d4be6ce000fba823daab87b68052496ae49a7b69aab82918941427046fcd862b4015a54a7c0d32a36f0c6f4342558c76ebd2ef13f7614fe0be568c6003ad2335ee4250647f0a6561d11030d691573dc0145a0f5239c80145099d3223a5d980cf4148f19041eb41a440e05a8988ce84ec4739ad931ce98c3e20b9e59a6e2525850ee0e4c73095d98c3d1b9deaab88903f956b7720903980fb454d6da7b6bb8de22f03c1690f638e64a54e63abf0e7cb536dc1dc9683bc02730b59da7f83298de12ed808739a01c73a728dbeae50af3b261b87fadf52c85f9b8a84aafc8c7ff1d247c1f1708475c1b923373701ecacef635d7eb489915d71f0c7b2da16c5b46299baa7396f8e31577310925f518d40556af0caf9459db2b58e09e568257d9556b1d74f380fb72074bcac6403b62f3bbf0ac9e8eaf78ecde49f146c6bdca74d0675759f66b2bd4b8bb9648c617603555ce871edae19feeeb17f05cedaf7759c65f6d237e97978026d7c64202e1d34ac769c6e635e9dff0026b7aaff00679df7b763c5137fcc706b270b7aae8f68574127ea89decfd3557185757671bc77f71819789bd8dc85ae099e07f2a9e2d7926dbfad162612f29b7115432bee0f9a9a21e97a418343a7be8b98cb6996b6c3982d686eeda4b976f8d539b6d53e59bea90021134c530ebeea0b8e10b9abe8b80edcbce7272048c61659349f9a570c10516b5eaebe5b718c4fec670f36ee57b8ae94bee1fe842ffea24ef948f7a0acf396dfb7db86b3ae3d6949fb75a4f9f77e19a6141143d3db419574a01700d0280782d18e14cb25690be14c8e9a456b8b422028684ab6172480aae34ec297cae038ed691aa52560c1a3a82a766a07b3eea04d4d0d682573fe3418836fcab4cb06c8c3b70c17ad2280a21fc450a12121082405fce84d75d6d600f714e829c992970f8e8f6e98d92c7e92b5ea1e898f88d6b7e597bfaf4f16424b79f8de50282d742f543fd3fcc53ca3f1d972f48b5b4dd1c72c7213148d0f67b08acf2eed7d275b3270edac791aa2a52b44a9ee65db8799e1c99629975a8cab205d39cc6ec2e527469268c22df205b42e793b5a8b9d4da9be5610f1529c651ec157ac4da9038c2702091a55a31155dcf132c6c59111fdeb8cfc1a2a6d6bd7af94cec6e259f4f2ddcb9c9e568d4014a35bb58dbd94a6195ad89d8fe94f0aacf911eaddbb71ea31a1ca100ccaa9c2872f635820b7b9b375accd125b4ac2c9187220e7458e6b6cb99ed867f1b7dda7753c65a6f7b7ee7fe681c146d5cd464e6e86b2b6ebff00c3ba5d7bf599f1bcf902f3b3788e620379dbf347730e24c0e3e761e85b9d5f8be9cfb6dbf5dc6f14a3b16684a4ec31c9ab530c7e34b89fe5123ec473c8fed6d4c9ed181c2ab09bda94decc2d8cf990b7279ebefa689b655bc977276df031bfd79fea658da5c628bcc4900a827e502a36da47674fd3dfb267d4634715de3fbadcd431c70bb8eedfb723fbf2070898d27cc5b97a921d2b3f3b3bf1d5f5666f9d9ea361c259f05671f11671ecb7b3fedb13371054b8f8b8e3555f2df67b76ececbb5494f7269f7526040ba60282710172c93f8501c3aeb993f634038642832a500ad414c60e7856382e24674d1558dc0a8d31c3c12aad4617113ffb79d4ace27018e1f63407461a683c95c5a0edd73c681830b8971da40a0ac717484a13974f85058212480989d68c8c109da502e071a0f059607dc068dbb80c52b5ebf6c3b3d787ce36d0dbc85c5dd4a78d2cbea645077e76d365b16f2968d1be01b6e18154c79eef75395b6885da5c886c4db0b820969ffdbbbab7a7baa378bba56b99007050532cbc2a65676245af092dc2168248ea529a2d595a769c825f3c61c0f8d09ca6c7c4c76f239ae8dad072231c7a634e0cacadb82b99936c68d76baf4d28f3f0552af2cb8ae0ed4cfc8bbfba42c70845274a57fa9eb2df4f29e62e65e5b9948c092594ed8e3cc341a23ab5d311ec9db1d856d1f0f0b6eb735e5a0a373f7d5618edb1979c5715c3ced91ce2f2ff00ea202785390f596aff0082eebb02e4deddc328d73f7d32dfaad8d0db776c06400ccd60768a17f1a4c6f4b436dcdf1f2c5b677b1ec760e0e420af81a1cfb755f864fba384e0228a7e5b82df07236ed74af86d1e58e7b19e676cd370d2b1dfaf1e67876f476eff00ebbce51e70cfddce70a7a7cccbb5308ee2d03dc07fb828f7d473da3d29f43a6ffc7ffd4b8ff71bb82edbb0734edca80470363c4f8a1a396c2fd2e8d7cd86cdc7f33cbc7ea5c72b712467369720217a0aae36fb4fe5ebd3d6a9dc6765f136a44df4df55302ad7dc79c22226dcb5e9573ad96ff737b3c787a6f09743d26421823da3e50100f002ade47779b946ee2b7d974c947cb337ef18546d1e7f7cf39557b3dd52c1ca3039500b8f55fba80ed3c280e07ec2832eef7500e0428d29995e5be995280823e34e33aaf8f682175d2aaa22c624d80372c80a969209896d02c2c6e6eb9e940b21ae2aec3dd40216a221a060e6b8e38d02c30d047b4221d0d32a996f74c81dbd14108955aef8b9471cbe6e11323738346a4d4beae44fb49230c2d91a1cc7e0f610a0b4e6a2abdab5d585ee5ed39f8fb97ddf1cd2fb0712f0c6fcf0925510663a519746972370bdd2212197d099034a7a91e0ef783519c2efd6e5e9bce2bbc3b37d3dd3dccd0c996c31123dc869728c36fa5d9fc2e6cfbe7b12270f52ee5734ead89df851ce445fa5d9fc60f97f713b0f7874161757cf6e2c66d11829ed268e7153e8765f7620dffeee5e3a27b2cadedec222080e71f5644f00301537769a7ebe4f36b01ca7715e7252c9339f25c49ffe679c97a785548d2ebaebe96bfb62cb365f5c5fde21317c84f5ccd539fcb61cdfeeb36dc6c89e58474385564f5ea9f2c073dfb933dff924959b970c7f23479177d62aec7bb67825dec95170c091479826f2ae1bdf9397021e57aad19a799968ecff007025e37b7ef393b92641081e8c4a85ef77ca3f8d394bb35f119fed9fdcfe7b91e5e09677fa6d73fe56aa0070231d2a768e8ebd65d7d36b6bc6f1d732390376b9e5cd4c829cb4caa78467f9769f2be83b6ac9a47a78108b865f0a30cef6dbeda8e378db6107a5e00387e756c3b37ab4b6b38e376c55692a0f4a32e7db759c1fdb0d2c289ad0c6f91f9b6096c0499ba220b7c01c0fe34b6f4e5ed9fe2cf7dbdd59b8c85aae0e544f99131c70a01df8ff003a01ae29efc05065fcfa61411528370cfd9f1a081bb24068d3124d56a9da996acdd28072014d55448b263518a06b52d08a4fdbad0a2041489c029c33a65873d5535a052842d2724189f0a01a70ce821a16a95f8d09a24ad6089c110a61eea0a7b7ce26e0191c08d530a32facc3bea8001a0124e542a4026bf91ad46bb6aea0d0bd6296e6485ef709220e767b88c71ce8e396faf7588be9478ff681f8d4f06b3ecec236de4765081e289f8d2e10ff003ec9f6fc4f2170d0cdc5ac081314fbf0aa9d68dbbeff002b7b2ed08c96be605c5550e54f8473eddf44e4b8ab5b581c1ad00ed2be069e18dded6420e4df6315cb18e3bf71f878d3c1cd993e7af6f6e1a5c1cec4e287215aeb187d8df6c785036de47157120d6998f3a6b6d595ac7711edda496eabd2a6ba7aff0085e47b2463431dfdc3891d0eb59d7775e3dbd1ac7b36db98e02de07dc901a7d49a31a94c3e146b1a6feb0276ff0061fd2f2224683e8b4f909c0ae94aead75df11a6b8b6bae32f5af2d2c694c74c6a59cc56b782ba12f9a578c30601afbe94c651bc696cdc1481f37e3ad5658762ce27b4a07825c31514b2e6a951bc3860081e34d160f2383ed2661cdcc202e3951631ecd732b3fff005ac9e7387555141bba8fba8270fb2500a3f1a0dca34ca8024ac635ac734a970f8694c832cde3207db44148cb7d8fdcdc0f4aab59c896c7797344a4d758615c8e434a0a91282c15aa34a0c8682a5070f7d00c735483a74a092217a3483d7f2a69da3a5906c4389eb4848f9a37ee9ddb75754d8faaca4be2500a90bf7552f5d910c4e2f2334c6935cc11b64c70f300b8826aa44dbe446f1cc762dd34a7c55cd2edb8e635c1ee68419038ad56242b57dc7db4583c62740991a5b12f1d6c50395bbbaa7c5696585dd9ce5ecc4b2bdacf3332a66c4f3fd997921f5ad7cae39b0eb552b3b5987f6e72cc7912448575aa95366522dfb52e2423747f0082ab311c13e3eca9244c0b7a9d2a6d54d701cbdb92585cc6e4569389d2958d35db0f5bec282d76377799c404f0ca887bedfe2f441c2c1e57b1aae192814ab19d9832ff00888ae22d970cde110380caa7196da76659b6d8def19768e5da47948c88a9b1af2cb4bc7dc34ec24e47c29cb98cf69e30beb501ce25a570c3a511c9b0e1af0e0065d69a056946907504534d67dd280e7018904a6758d79b7d99f50f4192ff00552ca4464ca0794f4098e7464604a64ed7edeca03b33e3fc283712beca00b1aa26b4e26a4b621b08405d9ad558cf3e422a88020149a4a6afdf41bb5f6e54142ee03f850bf8228d2866551d2804a01412280648096f44d29538f9a61781292e3fab1d6af0fa5e588b6690404a9c1ca6b581ae382938a9a785e4e232aad61ea9d1c4c6351baebd69ad26da2323c264331415ab768681b5a800d2a2aa518cb2876dcd4620fb32a1160505b0903a571c0140d1ad57aae7db624cc047959b4e4531aa8515b270c5ce2e715049c08a7e0ed8e6f0c4f9584a8183529e6256fc7f6cdc3d836b3cd26070c2a392f289ca768dc3e40d7465741b54745c2acb8e5aceccedeb5b18775dbdb00d1cf299545a7b4b8f11bab58f8d98ed8eee291dfd21c3d990a4e5da6d3e0496d230e44f056d184f2aace478bfa880b1148381c88f1a17af661496b0cd6f2ba27b769684c42ebf7d291d336cc6978ec2300a8c02538e7edf6b07308683f1a6c4379419a50559bb805b3bd83121c7ec35ac2fb79fb4c53017215f77b129246136d760d0343f6f853c960f13c6429c0f4fbe8c839b2b494071d0642991ed289d28395c4ae3f6f1a01f10c093f7d385522179c413905aacb3da3a46e1b973388a473d04b850a7504ec1283765413a80e5ff00ad00c2e70a595608f79db4b230f982299c5ee2a09738a2745adb187d0cb2aeac5eb1a1c4ad4fcaf2981bbc041f1aaf6324f4dcb8533e697087960084919d269aecb2e3a3da4b9d81a5472f2b486385f20049f0075a81bdb131cd611e60128639c11cc688cb5a10260055c8cb7d818e32370231d29d889b1cd8a470dce6797ae894b2d622df771713c50599e04d98031a596da755d999befddabf8a55b3735b103f8679d16d75f57d698f235b7ef5deba54b8b489c3ab743e3eda59adbff26b549cd7ee45f5f48e7dc38450a796304a0a316abf1eba2920efbbb86e639ad6770730a820fe34b809b6bb78af4fec0fddbbb9af1b072936f8de1371cba5396b9bbfea6b6787b0c3c8dbcdb5f1383a3705dc31fc2ab2f22f5d84bee3e295a6760470cdc13f3a0b4dbe0b60c71c10ec28377b2943deade78408573229c612f957ca0202742a078d33daa82eff00fd994f527ee158ededc3d99cd0a921daf4d3ec69070d3ee1419771c0f4000197db2a0926376f6876457af4fc6a88efb2d043478b507c29c14e053119d152452463f0a61d40728a03a80efc73a00de912de9e35584720250e8ff4a9253f9d4d5cb93039ae0ae08b8d23c39ee180145391f284733e3b87968d4e1d2ba1ee670bce3e70bbd74cbc6a6ae55c4321919bbe5349498c63a47340692dc017533584167e902873f8d2b32329d6b6a642830031dd4acc1f25b5a5ab5508186bf92d48db6b526485c1b835a199b8a634f0caec58ede390ee6e23a55445cd42e44c7107e2188303e353765eba31ddc3dfcde3ad9d0308326d20918834474e9d53e5e4d7dca735cd5e18f8fb796f27908019135cff00c2b49aff002aecefe331ac69b85fd94fdc9e4835f7219c7b1e0149dc3721ead6afc28c44ebb6f7dd6d38effc76b966d37bcf3bfd4d8220a3fee71355c5acdec5bfff00ce5da53906eb93e4249404ddbe30153a6da7c596fe7c8aeffc65ed57b3ff008ee76eadae0e1b676c72b0fc0464e353614ecbafc21cdff8f5df1c38373c65cdbf2a19888c2c4f23a00ec0fc6b3bab7d3ef69eaad786e7bb838db76d872b6175633c6be69237869ffbbe5a2d61d9a4daf8be1e8dc1f700b8b4631f83f223af8d295c5bebe5a285ec24a6dc3129d33ca9d6784a71deddbfa4f4ca88cf1854dcf95fb4f54a63750dc9ff00dc3ffa57e358ededc7bfb09420c463ed4a9438381a016802c6c8cb55c71c8d3856a4889ee1e50768f8d32371f7ff000a0245b808b9d38289b574c7ddeda6923222e24261a9a215a1c8c1b8f8514e5234fbbd94a1d3da3714fc29a4ad1b1e0b860298be5361746f6381e981abd70cacf28f632db5f35f6f110658ddb4a694a6b9f0ace03bdb375bb9090490b53beb869aed9445c3c75fcaa14f939e489dc99a9ae97b78f0b4e32604051962691ebfc2fad270006fe9397be92a55bd9cdb5bb3a52da2b385a5a4ac7bb12a9975a9bb58365dd9c71c991230c7db4bd94ab6b68236b7243a9eb5513692e630585ac3b80f0454e94528ce5ef217368f2e00087fa8e62a5b6b199e579fbce61e6c38b81f75767f4c63ca17573bf4d186935906e0bf6a6d4c8ebaee606eee736dbb09f45bfee42aead30abd93e1b6b5b9e1b8764715ad9476f0c58b044d6b7445503a51fdcb596fcabae3f70e3b573decda1ef38b5c30c3df4670d26b19ae4ff75390924263716b984866cc0627dd4aed95c922adff00b89cd39ac57bdc07ca682e7ac4ee37bfaf6421970f7a1cd490a869e4eedabd4bb53f701636473920801a092aa47db4a5b6ce3eeeb97d37cce72ceead8b646b66611e78dc8427bea72e3e16203b81b17b0dc71e3d22e0a2338b7ddd2952dadf93238dd1383a5c0809ed34c653a0e423da5a1491d69c4544bd9839e5c467a534ecce5cba432c8506d5289d0ff2ae7dbdb8ee32639c510e0b90f69a40c6bddbbca7c004fe5464cf0f9551282c2435ef6fca53ede35494fe3f916c01e5e88421fb1aad76c2369905d2314925372a5231a23a64b4c5be121b235b89398c053891ede68c93bfca2af5b3e59d889211bdc4150aa0d42e064d2aa82c0f0c7abba5544ed327cf3890a3420a2d2d75c2571b0b9ed73885663f8569d7ae51bd56f6d76e4fc7f317b73eaef8ee1c5cd61088a7c6af597257696785973cf59821f0359f75f2d3ad493c858988075d6b168f95a7d8267b5a439a1c76bb3c2ba9ec4d86b5718d0afb5291e7cade0ba8d1ac55d30e9497858c1c8344ed85df3661d4952af2cee1bea070cc0c452aa682c2e5a4120238d460630beb27bdf16d71404f874aa8cb6b3274afd8d5017a25192e6a39f881c8bcb647b9b137e64c3efa52359bac78c8b89e26c8c1610b59bdfbdee68f33c8d5c4e74f279a8bc8f36e8db23a4762e55034d28cd5eb18ae5792bc9ced8ca0d1695692a81dc65e4f22c8edcb927f0a70b6deadb8eecababa683e8972ff005794536776ad471dfb685c8d3160462e38e3e0b422ec9eefda799a43d8c0531c30a5829db0f6f6bcf612377c4e69198440b9674aaa6f968f89bd96d832091bb811f367f7d184ecd3d9f232b18ad3e4215170c7a52657c9f3dd32661273389c75aa636210ba2d50063a114488de9d713b1f1020f9b22354a76a36db115b893aaea6b072e726b7fe4f3622890b3e701485ac91ce073c48e834a954f21ba572821117effb1a322c496b839a1c99e34d35263848473b12870cea80a80e80fdb0a1270082833c076b4d27b9c0b460846b4d26ee0946558214cce548177b69e461d89c401eda02d38bbb898c313f0e86b5ebdb1e196f17368c888dcdcbae895d32a35d59fe609faa7357002b93b7db5eb5548c6b88dc156b268f92192064afdd8004a2575d7a7adc26c52b500c97109954b5c24c33061545f1a425584131790e054d2ad255c5bde6d2d5cc64ef0a15365cf1b7f207799de554269585b569ecb978da0b77873703bba7854a2c4c92fdaf03d34476b9e069a299797823b60d6e67072e07dd434d2aa1d7d21787346d40427b69f16c832bfea26dae1e60691e441c3efcd81d4279b47c3f6c5b46df55ac6be518f9b04cb434d36b49c7d886b8ef6b5cd201638660e78509dae16ed30c410000a6074555a2c679595bcd1900901c0fcc684d1ae2ced2e622bb022e23f3a489b58a2938a8dadf91a8b98cc51869c891b443812ad70c5a8b8d184e50ef2f1b1172353dfaf8d3ca3288cbcf508f31793a1c3c68919d820b96ecda33e9911f6c7e153b7865b95a55adc8e19fbab160696bcb8a1cf4f6d34df28cf2772bfafbb5a8ad75f44694237643f234cd341c020f8fbb0a6cd2200e0d21c32ea0e34e151428f7530e425d861d7dd410a9e35494a8218df1ab86275aa919edb5951a58835e46434a9c349b1bb3a1a583cbb68a781938002820a6804a8a512995896ce4aee08c46c72b460b9d573b13750a494caedef72b8e26a3395c9801e06f1d2a54f8d4dcff007dea31dc71d2bb70efd764e8a6c02951f854b5d76c264572d400fc6a6c5cf29505ca7c988d452c1fa496dd3d41692133a072ab3b7e51ac0d2c794d5b46172ad6c799578dd8349cc647db952b0aaee1e51e1068de95382b29f3f24e93539e29460e6421788ef95474aacaaed53ad191cce5da4155f0a782e7e17f1986c1aae2ad7050ec34a45ad4886fa377f72327104b5c0678a614293ecf967b5eede15aa15c3e387c684fb589e5ad5e02ae18051a7be9a38534736227ac4edc0660845e94554d7c27daf3d0cac73815637e7ebf00b4b08da25b66ded25a543be5a18e6a15dc2f0d7bc1c40c46b4a9f251dd96a093712c79c47df493364333b303b4020e045565368d6b33def2e76234c3ad65bb0ed4fded681a1d074acd998c7ab8855c53efa00572d77cd4a9ca8e8b48fd2c864355187bea9191e27b40444f7d510f1cad382e3f7d3828beea69700b8500765c6c6edcc8e955945d726492979520614ad39301d253a80ed1680ea0073fca9e3450606e20e3d691c864ef232f70d691d7c55338899e87f51aef75a54177805c0eb536349bff00298c9db99fe5496956f3ed7a9d75a562b5d93e29dae3e5cfa1a9c2b27290427c6834e8b90d8034e5d68a25ab2b5be04aea3415272e7d250be915483862109fce99aced6e3d468393d1691fb5bdbde0646c0000d69c5c7f2a7ecb0957bc844616963c11921d3dd4e96be03e3f941122105989209a2c5fb2cddcb6c1c5d182aec501282a4f802fee60f8cb49705c46653e34d78564fdd6d8c901ee27db487858f0fdd6e24112018e20f8d05b48f40b0ee081f0b373f6b8f4c4139ebd68ae2b9cac1dc8432908af71f94b4e24aa0c0f8f852c8fe8cf5fde3237bdce779730dc8fb851222c51baf249e4646c690e7386d1aa9ad244edbc9edabb58043086952f4f39cb4ae5dae6b9b6db3467bda1aa8be1eda94e036b8152dc0aaaa50780a491e082e069518c9230ae5034a226aca0630b14a7e5f6c2aca017172d77900c75a735c8c8b6a1db41c9153f0a4227c455835aa854fdaee8682c89e90d8a4a3b5069e0b905494ea03a80e25134a0137070c299057126d685cbf95214e6b4386ed0d2c2b21dcb8318b9d16165f13cff00f33ffdc6bb9da187107051e34600b1cee69c7e34b072a7477400e9e1538693689515c262a9d7c6852532e4399b4b9745a426d61d1cfe99f2b8169cc1a307cbca6457a8334f6ff1a9c09b44986f5cd525d86942f2b9b0bfc06d7679fe0b4972addb76d745b4f9933c425185224bca8639ec5e8bed1d29c3a8e39362952ad19025282cd8873f2f207795430eb460aee13af4bf02f3e2052c2f93a192ddee735cef3682995d8e89de8ca019010755f1a0b2db703cbb046c0f7ed6b7327afbe846d1a1879c877b0ef0e4271cbefa5c72ceeb854f2dc9852198ee5da7df57ac63b561f90ef13372f0f19c73dceb885c249a66bb0dc0aec1f0c6bd7fd774ebb6d9af1ff63bd9abdbb8cba75c71b05d483639ec1bff00dc0635e6fec7eafe3df33d567f4beccecd71ff0022bb90b56bc42be7390fc2bcdcbd0e240ecb41a0cb3a95431c4972938d2146898989ccd5c8cf6a37a8e4454ea9549399685e37aa2f82d07226c3010035500a7819486b5ad4f0a7215a90e93780724aaca300b8924afbe92e3b04f8e14021a40d0d42b4046b9976bb682a755aa45992c065712e77ca6953d4f98a316814f66318273231f6d2aa90291e4b88d3a61952c961f17cf133d57e1fa8e35db977d88f24642f4eb4f2401dcdf65510914a463f754d872a4b2e768cd3c0d2c2a6d84965e10300129615ccefac2bf95181ca1e2f5846387852c1e624c5c8004211851614ab0b4e51ac381c7251fcaa78b49bac1bcbbf6801c0fe746173731f7ae78dca17ae948f9540b8bd009d8e3bb523ad39137688cee4de58e63892bd7ad3c0e54317ef6b577a26868c173747cd39af5ddf753e28fc827f953238381c3f851c4e762eb8ae67711ea3cedfe95a9915775fc1cc8683b1e4818267558677733be21ee2b2ec69b9f637d06c8f6c71ef1fdc31bb0323474aa959edaf8793f695c34df7a93ca6201cb24e1490bad7adfacdf1b3cbfd86bcb57d53fb49c85bf2fc25c584779f57e810e88908e8f7689d2ba3f67d3368f0fa37bd7be56f7bc75cdaf261b711a3dad50ed08af94ecd2eb715f45a6f36d726c8092ba6559d8d75868f0a903c4d2e0082b994ab88d93196e243f15f6554849503444369a782945f546e418e29464f020049aa27071030ca9034bb141ee1403daef2e4a9a7b29c4da6b9e095c17c28c9c80b9ea703853913697d08de8e70f31d7df4b2ac17635a3c1290901b970f4d4e4bf64a322c2853135a1c8069ec3460ad31e36b41eb8516095f1fbe11eb3c01a9c4d753d5c780e6b619b7303114f28baa0c908c50211a53ca11dd185cbda2ab2583a919cd7b9b9500ef59dad18192195c7c05180e12bfad180236edcd081452c1e478f92700868c2a6e28e4b4551d16960f9c28bdf04f1a303911d331f8938d3c26ed40936aa82ab4119b8500466f421b8f8505532d9939706b012494414ec1ad7aff00ede763884c3c872d1ef547456aec8f42efe159edb1d5f7eefbfeafb3ae6de4680c7b51ad182278529edae93c57cc1c2b250f998dc98413e286bd5fa1fecf33ee4c6af7cfd8bbdfa6ee2460f4dd343e7683814c4ad7b9f6b4ce8f96eedf172fa6b90e12d798b188a6d95d190c7f4701857cafd8eb96d95f45f5bfcbae6d1e71796d3dadccb6d339256147b4d715fa9d9ee4cb5d7ed696e2df28ead19915cf75b3e1be73e926cca94055314f0aad51b4f2b2840679973d6b48ced39ee0e1952a73d1d126e5f7afbcd28b1b7154195520a4a2d06194256803405ae05aec3a9ad3561be4f75b4098bfe34b0537f84230a4e4872b06549a410bdc320b4b0be4639e5c3f85184f20647100ea33fb7c2a4e1cc5d98e155215a4766875a5447c8a7fe593fdc6ba9eb1505010eea03bb7346798a68b10a58caee1ef14e201a60877694c14aa78d204c7afb69916919ae692453847603c291ba80702fd09a00e0752b48cb401590938bb0a309b536ced1d2bc46c697780a61e8bda1db10db81753b4195bf2b08c07c696db1c8f4ce3f0b78b420666b0becf0ccfee85e83c1bd8ab9afbbf1a71be9e9f3cf18ffa77dcbc0cca027ae95ec7ebfc5cbcafbde661e91fb41dc263eedb18e7c0484c7b87883857bbb6fcb5af9bfbbd3c6663ebbedebf99b6f344c1ea86b7d5898b8a8cc0f6d781f6bafe5d3fa8fb37fd2a0773f156dcab6d792b46b0fd50dae3204234c7d94feaf76262a3f6ff0052cde6dafca9dfd81ca44ed9e8b656498b2563cf94f8b4d6b7bbab6f71cf3eb7dcd3d7943ffebbdc1c75c16c964e7827c92311c0ff003ac36fafd1b798de7d9fb3d7e37d7291b2f59ff3dacb1ffa8b70fbab9b7fa3fc56dafecbfedad84c080461e04107e06b8bb3a36d7e1e875fd8d36f54f883839532c4fe15946e2b6570c08aac17210a6d5fbe96072043b0ebd69e07249b7b19670b9006af5d2d63bf6e09796cc876869cf35ea94b6983ebdb90008541a6b50d8d7b10e6b54820cff89a00128c1173a8c2868c2b47865f8531831e313bb2f861534df20c5bfd493766a57e35d75ea6be85a0cd7a2639510aa0cfb377973d7a5522a1ca9bf0f7d3893280ea03a80ea03a80ea03a80245b77639e94503845c72a46347b3768b4e268ecdbb86eca8a51a7eddfa2de3d3ff009942e59525bd238df4fe9dbb3dfeda8a6d1d9eef44edcb4e9f65ace8b879ff00ee67d5fd1bb7a7a7b74fbeae379e9e3d6be87a1fdd5dbea0ddb516bdbfd7e1e2fdee5f0d4760fd0fff006de3fe9f7edf5b0dc99a1e95ecf8c5c3c1fb9cff001dcbebbed0fafdd02a7a9b8fb76eab5e4fdae3870feb79f3985cc9e9fd3f25f509fe337ff617e7f53f5ec4d16bcfd3df87d27dee3f8bfcbd89db9fe4be847d46dfa5fd1bfd4f536e9954f7fe3cf84febbff4709cb1c7e16cff004fe9ddea7abe9fe94dfb9574d6b0f1fd5e97f97ce11a15d8777d47a7fa7d5455f7d69ae7e1cfbe3fe58c215f7d06d3f51b13c766ecbe35af9c7971edf8b3e30cf4ff00e3b71f4f77fa6b9b7fc7fdd7397fc7d23b7d3f530f72fb2b96e3e1b4cfcb9ebae5a74f15a51458755e98aa7bbefa0558c3f51e97932d76d6ba65cbd889c8fe9eabe65eb53d8be8ca2b777e94a9ae8857fa9b42a22844a49a61d532fe54ccc9d76e1d4fe3f8d4d3870ddfa7de9965f6ca9d1029d769dd9e151571ffd948ced39ee0e1952a73d1d126e5f7afbcd28b1b7154195520a4a2d06194256803405ae05aec3a9ad3561be4f75b4098bfe34b0537f84230a4e4872b06549a410bdc320b4b0be4639e5c3f85184f20647100ea33fb7c2a4e1cc5d98e155215a4766875a5447c8a7fe593fdc6ba9eb1505010eea03bb7346798a68b10a58caee1ef14e201a60877694c14aa78d204c7afb69916919ae692453847603c291ba80702fd09a00e0752b48cb401590938bb0a309b536ced1d2bc46c697780a61e8bda1db10db81753b4195bf2b08c07c696db1c8f4ce3f0b78b420666b0becf0ccfee85e83c1bd8ab9afbbf1a71be9e9f3cf18ffa77dcbc0cca027ae95ec7ebfc5cbcafbde661e91fb41dc263eedb18e7c0484c7b87883857bbb6fcb5af9bfbbd3c6663ebbedebf99b6f344c1ea86b7d5898b8a8cc0f6d781f6bafe5d3fa8fb37fd2a0773f156dcab6d792b46b0fd50dae3204234c7d94feaf76262a3f6ff0052cde6dafca9dfd81ca44ed9e8b656498b2563cf94f8b4d6b7bbab6f71cf3eb7dcd3d7);

-- --------------------------------------------------------

--
-- Table structure for table `Logement`
--

CREATE TABLE IF NOT EXISTS `Logement` (
  `IdLogement` int(11) NOT NULL AUTO_INCREMENT,
  `NumeroEtVoie` varchar(50) NOT NULL DEFAULT '',
  `CodePostal` int(5) NOT NULL DEFAULT '0',
  `Ville` varchar(30) NOT NULL DEFAULT 'SansVille',
  `ComplementAdresse` varchar(30) DEFAULT NULL,
  `Residence` varchar(30) DEFAULT NULL,
  `BatimentEscalier` varchar(30) DEFAULT NULL,
  `DateDebut` date DEFAULT NULL,
  `DateFin` date DEFAULT NULL,
  `ListCriteres` blob,
  `idImageLogement` int(11) DEFAULT NULL,
  PRIMARY KEY (`IdLogement`),
  KEY `idImageLogement` (`idImageLogement`)
) ENGINE=InnoDB  DEFAULT CHARSET=latin1 AUTO_INCREMENT=14 ;

--
-- Dumping data for table `Logement`
--

INSERT INTO `Logement` (`IdLogement`, `NumeroEtVoie`, `CodePostal`, `Ville`, `ComplementAdresse`, `Residence`, `BatimentEscalier`, `DateDebut`, `DateFin`, `ListCriteres`, `idImageLogement`) VALUES
(1, '35 Avenue Rangueil', 31400, 'Toulouse', '', 'Les Pigeons', '1', '2016-05-02', '2017-01-02', NULL, 2),
(2, '98 rue des Abricotiers', 72600, 'Lyon', 'appt 938', 'Flos Bleus', 'bat 3 esc 1', '2016-04-22', '2016-08-22', NULL, NULL),
(3, '8 impasse des Trous Sans Fond', 3615, 'Orange', NULL, NULL, NULL, '2016-07-13', '2016-09-13', NULL, NULL),
(4, '35 Voie de la Raison', 31500, 'Toulouse', NULL, NULL, NULL, '2016-03-02', '2016-07-02', NULL, NULL);

-- --------------------------------------------------------

--
-- Table structure for table `Postule`
--

CREATE TABLE IF NOT EXISTS `Postule` (
  `IdUtilisateur` int(11) NOT NULL,
  `IdLogement` int(11) NOT NULL,
  `Status` int(2) NOT NULL DEFAULT '2' COMMENT 'Statut 0=Refus, 1=Accept , 2=Attente',
  `DatePostule` date DEFAULT NULL,
  `dateDebut` date DEFAULT NULL,
  `dateFin` date DEFAULT NULL,
  PRIMARY KEY (`IdUtilisateur`,`IdLogement`),
  KEY `IdLogement` (`IdLogement`)
) ENGINE=InnoDB DEFAULT CHARSET=latin1;

--
-- Dumping data for table `Postule`
--

INSERT INTO `Postule` (`IdUtilisateur`, `IdLogement`, `Status`, `DatePostule`, `dateDebut`, `dateFin`) VALUES
(1, 3, 2, '2016-02-04', '2016-07-01', '2016-07-31'),
(1, 4, 2, '2015-02-01', '2016-03-07', '2016-06-07'),
(4, 4, 2, '2025-06-18', '2016-04-07', '2016-06-07'),
(5, 4, 1, '2015-05-07', '2016-03-02', '2016-04-08'),
(6, 1, 2, '2015-04-08', '2016-07-03', '2016-10-09'),
(6, 4, 1, '2015-05-07', '2016-04-09', '2016-06-10');

-- --------------------------------------------------------

--
-- Table structure for table `Utilisateur`
--

CREATE TABLE IF NOT EXISTS `Utilisateur` (
  `IdUtilisateur` int(11) NOT NULL AUTO_INCREMENT,
  `Nom` varchar(30) NOT NULL,
  `Prenom` varchar(30) NOT NULL,
  `Mail` varchar(50) NOT NULL,
  `Pseudo` varchar(30) DEFAULT NULL,
  `Mdp` varchar(64) NOT NULL,
  `Telephone` varchar(10) DEFAULT NULL,
  `IndiceConfiance` int(3) NOT NULL DEFAULT '0' COMMENT 'Note pour l''hberg',
  `IndiceConfort` int(3) NOT NULL DEFAULT '0' COMMENT 'Note pour l''hebergeur',
  `IdLogement` int(11) DEFAULT NULL,
  `IdImageProfil` int(11) DEFAULT NULL,
  `NVoteConfort` float NOT NULL DEFAULT '0',
  `NVoteConfiance` float NOT NULL DEFAULT '0',
  PRIMARY KEY (`IdUtilisateur`),
  KEY `IdLogement` (`IdLogement`),
  KEY `IdImageProfil` (`IdImageProfil`)
) ENGINE=InnoDB  DEFAULT CHARSET=latin1 AUTO_INCREMENT=10 ;

--
-- Dumping data for table `Utilisateur`
--

INSERT INTO `Utilisateur` (`IdUtilisateur`, `Nom`, `Prenom`, `Mail`, `Pseudo`, `Mdp`, `Telephone`, `IndiceConfiance`, `IndiceConfort`, `IdLogement`, `IdImageProfil`, `NVoteConfort`, `NVoteConfiance`) VALUES
(1, 'Patate', 'Lololo', 'lolo.patate@jardin.com', 'LoloPatate', '27291b9c93082e19c9072de4d4aba26116cc6707e0c189ae6dddad5afd820207', NULL, 0, 0, 4, 2, 0, 0),
(2, 'Clowney', 'George', 'gg.le.clown@mail.com', 'GGClown', '27291b9c93082e19c9072de4d4aba26116cc6707e0c189ae6dddad5afd820207', '563424242', 0, 7, 3, NULL, 5, 0),
(3, 'Hello', 'World', 'h.l@mail.com', 'LeHL', '27291b9c93082e19c9072de4d4aba26116cc6707e0c189ae6dddad5afd820207', '5067801', 9, 9, 2, NULL, 42, 72),
(4, 'Dubois', 'Paul', 'duboispaul@mail.com', 'Paulo', '27291b9c93082e19c9072de4d4aba26116cc6707e0c189ae6dddad5afd820207', NULL, 0, 0, NULL, NULL, 0, 0),
(5, 'NUn', 'PUn', 'un.un@mail.com', 'PsUn', '27291b9c93082e19c9072de4d4aba26116cc6707e0c189ae6dddad5afd820207', '06.06.06.0', 0, 0, NULL, NULL, 0, 0),
(6, 'NDeux', 'PDeux', 'deux.deux@mail.com', 'PsDeux', '27291b9c93082e19c9072de4d4aba26116cc6707e0c189ae6dddad5afd820207', '06.06.06.0', 0, 0, NULL, NULL, 0, 0);

--
-- Constraints for dumped tables
--

--
-- Constraints for table `Logement`
--
ALTER TABLE `Logement`
  ADD CONSTRAINT `Logement_ibfk_1` FOREIGN KEY (`idImageLogement`) REFERENCES `Image` (`idImage`) ON DELETE SET NULL ON UPDATE CASCADE;

--
-- Constraints for table `Postule`
--
ALTER TABLE `Postule`
  ADD CONSTRAINT `Postule_ibfk_5` FOREIGN KEY (`IdUtilisateur`) REFERENCES `Utilisateur` (`IdUtilisateur`) ON DELETE CASCADE ON UPDATE CASCADE,
  ADD CONSTRAINT `Postule_ibfk_7` FOREIGN KEY (`IdLogement`) REFERENCES `Logement` (`IdLogement`) ON DELETE CASCADE;

--
-- Constraints for table `Utilisateur`
--
ALTER TABLE `Utilisateur`
  ADD CONSTRAINT `Utilisateur_ibfk_3` FOREIGN KEY (`IdLogement`) REFERENCES `Logement` (`IdLogement`) ON DELETE SET NULL,
  ADD CONSTRAINT `Utilisateur_ibfk_5` FOREIGN KEY (`IdImageProfil`) REFERENCES `Image` (`idImage`) ON DELETE SET NULL;

/*!40101 SET CHARACTER_SET_CLIENT=@OLD_CHARACTER_SET_CLIENT */;
/*!40101 SET CHARACTER_SET_RESULTS=@OLD_CHARACTER_SET_RESULTS */;
/*!40101 SET COLLATION_CONNECTION=@OLD_COLLATION_CONNECTION */;
